Fullpath,Target Int,Target Str
C:\Users\Landon\Documents\audioSyntheticWav\TriangleWave.pure.1864.4728Hz.wav,29,TRIANGLEWAVE
C:\Users\Landon\Documents\audioSyntheticWav\SquareWave.pure.43.6493Hz.wav,27,SQUAREWAVE
C:\Users\Landon\Documents\audioSyntheticWav\SquareWave.pure.36.7045Hz.wav,27,SQUAREWAVE
C:\Users\Landon\Documents\audioSyntheticWav\SawtoothWave.pure.87.2985Hz.wav,23,SAWTOOTHWAVE
C:\Users\Landon\Documents\audioSyntheticWav\SawtoothWave.pure.5123.3985Hz.wav,23,SAWTOOTHWAVE
C:\Users\Landon\Documents\audioSyntheticWav\TriangleWave.pure.269.2655Hz.wav,29,TRIANGLEWAVE
C:\Users\Landon\Documents\audioSyntheticWav\SawtoothWave.pure.42.4067Hz.wav,23,SAWTOOTHWAVE
C:\Users\Landon\Documents\audioSyntheticWav\SquareWave.pure.1919.1061Hz.wav,27,SQUAREWAVE
C:\Users\Landon\Documents\audioSyntheticWav\SineWave.pure.155.5483Hz.wav,25,SINEWAVE
C:\Users\Landon\Documents\audioSyntheticWav\TriangleWave.pure.54.9946Hz.wav,29,TRIANGLEWAVE
C:\Users\Landon\Documents\audioSyntheticWav\SineWave.pure.1077.0619Hz.wav,25,SINEWAVE
C:\Users\Landon\Documents\audioSyntheticWav\TriangleWave.pure.4066.4441Hz.wav,29,TRIANGLEWAVE
C:\Users\Landon\Documents\audioSyntheticWav\TriangleWave.pure.20.0133Hz.wav,29,TRIANGLEWAVE
C:\Users\Landon\Documents\audioSyntheticWav\SawtoothWave.pure.19.4435Hz.wav,23,SAWTOOTHWAVE
C:\Users\Landon\Documents\audioSyntheticWav\SineWave.pure.3728.9457Hz.wav,25,SINEWAVE
C:\Users\Landon\Documents\audioSyntheticWav\SineWave.pure.3950.6803Hz.wav,25,SINEWAVE
C:\Users\Landon\Documents\audioSyntheticWav\SquareWave.pure.59.9721Hz.wav,27,SQUAREWAVE
C:\Users\Landon\Documents\audioSyntheticWav\SquareWave.pure.302.2403Hz.wav,27,SQUAREWAVE
C:\Users\Landon\Documents\audioSyntheticWav\SawtoothWave.pure.2217.2444Hz.wav,23,SAWTOOTHWAVE
C:\Users\Landon\Documents\audioSyntheticWav\TriangleWave.pure.2217.2444Hz.wav,29,TRIANGLEWAVE
C:\Users\Landon\Documents\audioSyntheticWav\SineWave.pure.1567.8285Hz.wav,25,SINEWAVE
C:\Users\Landon\Documents\audioSyntheticWav\SineWave.pure.4977.5453Hz.wav,25,SINEWAVE
C:\Users\Landon\Documents\audioSyntheticWav\SineWave.pure.24.4973Hz.wav,25,SINEWAVE
C:\Users\Landon\Documents\audioSyntheticWav\SawtoothWave.pure.16.35Hz.wav,23,SAWTOOTHWAVE
C:\Users\Landon\Documents\audioSyntheticWav\SawtoothWave.pure.106.8581Hz.wav,23,SAWTOOTHWAVE
C:\Users\Landon\Documents\audioSyntheticWav\SquareWave.pure.2154.1237Hz.wav,27,SQUAREWAVE
C:\Users\Landon\Documents\audioSyntheticWav\SquareWave.pure.44.9283Hz.wav,27,SQUAREWAVE
C:\Users\Landon\Documents\audioSyntheticWav\SquareWave.pure.174.5971Hz.wav,27,SQUAREWAVE
C:\Users\Landon\Documents\audioSyntheticWav\TriangleWave.pure.1174.5443Hz.wav,29,TRIANGLEWAVE
C:\Users\Landon\Documents\audioSyntheticWav\TriangleWave.pure.67.3164Hz.wav,29,TRIANGLEWAVE
C:\Users\Landon\Documents\audioSyntheticWav\SineWave.pure.4066.4441Hz.wav,25,SINEWAVE
C:\Users\Landon\Documents\audioSyntheticWav\SineWave.pure.1318.3814Hz.wav,25,SINEWAVE
C:\Users\Landon\Documents\audioSyntheticWav\SineWave.pure.25.954Hz.wav,25,SINEWAVE
C:\Users\Landon\Documents\audioSyntheticWav\TriangleWave.pure.538.5309Hz.wav,29,TRIANGLEWAVE
C:\Users\Landon\Documents\audioSyntheticWav\SineWave.pure.2714.0258Hz.wav,25,SINEWAVE
C:\Users\Landon\Documents\audioSyntheticWav\SineWave.pure.508.3055Hz.wav,25,SINEWAVE
C:\Users\Landon\Documents\audioSyntheticWav\SawtoothWave.pure.82.3988Hz.wav,23,SAWTOOTHWAVE
C:\Users\Landon\Documents\audioSyntheticWav\TriangleWave.pure.604.4805Hz.wav,29,TRIANGLEWAVE
C:\Users\Landon\Documents\audioSyntheticWav\SineWave.pure.659.1907Hz.wav,25,SINEWAVE
C:\Users\Landon\Documents\audioSyntheticWav\SquareWave.pure.65.4Hz.wav,27,SQUAREWAVE
C:\Users\Landon\Documents\audioSyntheticWav\SineWave.pure.359.4263Hz.wav,25,SINEWAVE
C:\Users\Landon\Documents\audioSyntheticWav\SquareWave.pure.678.5065Hz.wav,27,SQUAREWAVE
C:\Users\Landon\Documents\audioSyntheticWav\SineWave.pure.16.8291Hz.wav,25,SINEWAVE
C:\Users\Landon\Documents\audioSyntheticWav\SineWave.pure.2636.7628Hz.wav,25,SINEWAVE
C:\Users\Landon\Documents\audioSyntheticWav\SineWave.pure.1613.7694Hz.wav,25,SINEWAVE
C:\Users\Landon\Documents\audioSyntheticWav\SineWave.pure.466.1182Hz.wav,25,SINEWAVE
C:\Users\Landon\Documents\audioSyntheticWav\SawtoothWave.pure.40.0266Hz.wav,23,SAWTOOTHWAVE
C:\Users\Landon\Documents\audioSyntheticWav\SawtoothWave.pure.127.0764Hz.wav,23,SAWTOOTHWAVE
C:\Users\Landon\Documents\audioSyntheticWav\SawtoothWave.pure.3046.391Hz.wav,23,SAWTOOTHWAVE
C:\Users\Landon\Documents\audioSyntheticWav\TriangleWave.pure.2714.0258Hz.wav,29,TRIANGLEWAVE
C:\Users\Landon\Documents\audioSyntheticWav\SineWave.pure.604.4805Hz.wav,25,SINEWAVE
C:\Users\Landon\Documents\audioSyntheticWav\SineWave.pure.329.5953Hz.wav,25,SINEWAVE
C:\Users\Landon\Documents\audioSyntheticWav\SquareWave.pure.22.4641Hz.wav,27,SQUAREWAVE
C:\Users\Landon\Documents\audioSyntheticWav\SineWave.pure.277.1555Hz.wav,25,SINEWAVE
C:\Users\Landon\Documents\audioSyntheticWav\SineWave.pure.538.5309Hz.wav,25,SINEWAVE
C:\Users\Landon\Documents\audioSyntheticWav\SawtoothWave.pure.3622.7898Hz.wav,23,SAWTOOTHWAVE
C:\Users\Landon\Documents\audioSyntheticWav\SawtoothWave.pure.2092.8Hz.wav,23,SAWTOOTHWAVE
C:\Users\Landon\Documents\audioSyntheticWav\SineWave.pure.2875.4102Hz.wav,25,SINEWAVE
C:\Users\Landon\Documents\audioSyntheticWav\SquareWave.pure.739.9165Hz.wav,27,SQUAREWAVE
C:\Users\Landon\Documents\audioSyntheticWav\SawtoothWave.pure.523.2Hz.wav,23,SAWTOOTHWAVE
C:\Users\Landon\Documents\audioSyntheticWav\SineWave.pure.1141.1073Hz.wav,25,SINEWAVE
C:\Users\Landon\Documents\audioSyntheticWav\TriangleWave.pure.439.957Hz.wav,29,TRIANGLEWAVE
C:\Users\Landon\Documents\audioSyntheticWav\SquareWave.pure.29.986Hz.wav,27,SQUAREWAVE
C:\Users\Landon\Documents\audioSyntheticWav\SquareWave.pure.201.7212Hz.wav,27,SQUAREWAVE
C:\Users\Landon\Documents\audioSyntheticWav\SquareWave.pure.1613.7694Hz.wav,27,SQUAREWAVE
C:\Users\Landon\Documents\audioSyntheticWav\SquareWave.pure.3322.1129Hz.wav,27,SQUAREWAVE
C:\Users\Landon\Documents\audioSyntheticWav\SquareWave.pure.1567.8285Hz.wav,27,SQUAREWAVE
C:\Users\Landon\Documents\audioSyntheticWav\SquareWave.pure.830.5282Hz.wav,27,SQUAREWAVE
C:\Users\Landon\Documents\audioSyntheticWav\TriangleWave.pure.71.3192Hz.wav,29,TRIANGLEWAVE
C:\Users\Landon\Documents\audioSyntheticWav\SquareWave.pure.95.1997Hz.wav,27,SQUAREWAVE
C:\Users\Landon\Documents\audioSyntheticWav\SawtoothWave.pure.24.4973Hz.wav,23,SAWTOOTHWAVE
C:\Users\Landon\Documents\audioSyntheticWav\SquareWave.pure.3419.4583Hz.wav,27,SQUAREWAVE
C:\Users\Landon\Documents\audioSyntheticWav\SawtoothWave.pure.134.6327Hz.wav,23,SAWTOOTHWAVE
C:\Users\Landon\Documents\audioSyntheticWav\SquareWave.pure.4977.5453Hz.wav,27,SQUAREWAVE
C:\Users\Landon\Documents\audioSyntheticWav\SineWave.pure.28.303Hz.wav,25,SINEWAVE
C:\Users\Landon\Documents\audioSyntheticWav\SquareWave.pure.2033.222Hz.wav,27,SQUAREWAVE
C:\Users\Landon\Documents\audioSyntheticWav\SineWave.pure.92.4896Hz.wav,25,SINEWAVE
C:\Users\Landon\Documents\audioSyntheticWav\SquareWave.pure.1318.3814Hz.wav,27,SQUAREWAVE
C:\Users\Landon\Documents\audioSyntheticWav\SawtoothWave.pure.160.1062Hz.wav,23,SAWTOOTHWAVE
C:\Users\Landon\Documents\audioSyntheticWav\SawtoothWave.pure.329.5953Hz.wav,23,SAWTOOTHWAVE
C:\Users\Landon\Documents\audioSyntheticWav\TriangleWave.pure.2349.0886Hz.wav,29,TRIANGLEWAVE
C:\Users\Landon\Documents\audioSyntheticWav\SineWave.pure.452.8487Hz.wav,25,SINEWAVE
C:\Users\Landon\Documents\audioSyntheticWav\SineWave.pure.20.0133Hz.wav,25,SINEWAVE
C:\Users\Landon\Documents\audioSyntheticWav\SineWave.pure.43.6493Hz.wav,25,SINEWAVE
C:\Users\Landon\Documents\audioSyntheticWav\SquareWave.pure.53.429Hz.wav,27,SQUAREWAVE
C:\Users\Landon\Documents\audioSyntheticWav\SineWave.pure.48.9946Hz.wav,25,SINEWAVE
C:\Users\Landon\Documents\audioSyntheticWav\SineWave.pure.89.8566Hz.wav,25,SINEWAVE
C:\Users\Landon\Documents\audioSyntheticWav\SawtoothWave.pure.219.9785Hz.wav,23,SAWTOOTHWAVE
C:\Users\Landon\Documents\audioSyntheticWav\TriangleWave.pure.3046.391Hz.wav,29,TRIANGLEWAVE
C:\Users\Landon\Documents\audioSyntheticWav\SawtoothWave.pure.23.7999Hz.wav,23,SAWTOOTHWAVE
C:\Users\Landon\Documents\audioSyntheticWav\SawtoothWave.pure.23.1224Hz.wav,23,SAWTOOTHWAVE
C:\Users\Landon\Documents\audioSyntheticWav\SquareWave.pure.293.6361Hz.wav,27,SQUAREWAVE
C:\Users\Landon\Documents\audioSyntheticWav\SawtoothWave.pure.959.553Hz.wav,23,SAWTOOTHWAVE
C:\Users\Landon\Documents\audioSyntheticWav\SineWave.pure.718.8525Hz.wav,25,SINEWAVE
C:\Users\Landon\Documents\audioSyntheticWav\SineWave.pure.239.8883Hz.wav,25,SINEWAVE
C:\Users\Landon\Documents\audioSyntheticWav\TriangleWave.pure.5123.3985Hz.wav,29,TRIANGLEWAVE
C:\Users\Landon\Documents\audioSyntheticWav\SineWave.pure.4698.1771Hz.wav,25,SINEWAVE
C:\Users\Landon\Documents\audioSyntheticWav\SawtoothWave.pure.71.3192Hz.wav,23,SAWTOOTHWAVE
C:\Users\Landon\Documents\audioSyntheticWav\SawtoothWave.pure.16.8291Hz.wav,23,SAWTOOTHWAVE
C:\Users\Landon\Documents\audioSyntheticWav\SquareWave.pure.783.9143Hz.wav,27,SQUAREWAVE
C:\Users\Landon\Documents\audioSyntheticWav\TriangleWave.pure.151.1201Hz.wav,29,TRIANGLEWAVE
C:\Users\Landon\Documents\audioSyntheticWav\SawtoothWave.pure.2959.6661Hz.wav,23,SAWTOOTHWAVE
C:\Users\Landon\Documents\audioSyntheticWav\SineWave.pure.29.986Hz.wav,25,SINEWAVE
C:\Users\Landon\Documents\audioSyntheticWav\SineWave.pure.31.7691Hz.wav,25,SINEWAVE
C:\Users\Landon\Documents\audioSyntheticWav\TriangleWave.pure.3519.656Hz.wav,29,TRIANGLEWAVE
C:\Users\Landon\Documents\audioSyntheticWav\SquareWave.pure.56.6061Hz.wav,27,SQUAREWAVE
C:\Users\Landon\Documents\audioSyntheticWav\TriangleWave.pure.4835.8442Hz.wav,29,TRIANGLEWAVE
C:\Users\Landon\Documents\audioSyntheticWav\SawtoothWave.pure.3419.4583Hz.wav,23,SAWTOOTHWAVE
C:\Users\Landon\Documents\audioSyntheticWav\TriangleWave.pure.1208.9611Hz.wav,29,TRIANGLEWAVE
C:\Users\Landon\Documents\audioSyntheticWav\SawtoothWave.pure.1759.828Hz.wav,23,SAWTOOTHWAVE
C:\Users\Landon\Documents\audioSyntheticWav\TriangleWave.pure.1396.7764Hz.wav,29,TRIANGLEWAVE
C:\Users\Landon\Documents\audioSyntheticWav\SineWave.pure.17.3222Hz.wav,25,SINEWAVE
C:\Users\Landon\Documents\audioSyntheticWav\SawtoothWave.pure.4698.1771Hz.wav,23,SAWTOOTHWAVE
C:\Users\Landon\Documents\audioSyntheticWav\SineWave.pure.19.4435Hz.wav,25,SINEWAVE
C:\Users\Landon\Documents\audioSyntheticWav\SineWave.pure.1244.3863Hz.wav,25,SINEWAVE
C:\Users\Landon\Documents\audioSyntheticWav\TriangleWave.pure.879.914Hz.wav,29,TRIANGLEWAVE
C:\Users\Landon\Documents\audioSyntheticWav\TriangleWave.pure.659.1907Hz.wav,29,TRIANGLEWAVE
C:\Users\Landon\Documents\audioSyntheticWav\SineWave.pure.82.3988Hz.wav,25,SINEWAVE
C:\Users\Landon\Documents\audioSyntheticWav\SawtoothWave.pure.100.8606Hz.wav,23,SAWTOOTHWAVE
C:\Users\Landon\Documents\audioSyntheticWav\SquareWave.pure.87.2985Hz.wav,27,SQUAREWAVE
C:\Users\Landon\Documents\audioSyntheticWav\SawtoothWave.pure.233.0591Hz.wav,23,SAWTOOTHWAVE
C:\Users\Landon\Documents\audioSyntheticWav\SawtoothWave.pure.1016.611Hz.wav,23,SAWTOOTHWAVE
C:\Users\Landon\Documents\audioSyntheticWav\SineWave.pure.879.914Hz.wav,25,SINEWAVE
C:\Users\Landon\Documents\audioSyntheticWav\SineWave.pure.2033.222Hz.wav,25,SINEWAVE
C:\Users\Landon\Documents\audioSyntheticWav\SineWave.pure.41.1994Hz.wav,25,SINEWAVE
C:\Users\Landon\Documents\audioSyntheticWav\SawtoothWave.pure.46.2448Hz.wav,23,SAWTOOTHWAVE
C:\Users\Landon\Documents\audioSyntheticWav\SquareWave.pure.46.2448Hz.wav,27,SQUAREWAVE
C:\Users\Landon\Documents\audioSyntheticWav\SquareWave.pure.20.5997Hz.wav,27,SQUAREWAVE
C:\Users\Landon\Documents\audioSyntheticWav\SawtoothWave.pure.879.914Hz.wav,23,SAWTOOTHWAVE
C:\Users\Landon\Documents\audioSyntheticWav\SquareWave.pure.3728.9457Hz.wav,27,SQUAREWAVE
C:\Users\Landon\Documents\audioSyntheticWav\SquareWave.pure.3519.656Hz.wav,27,SQUAREWAVE
C:\Users\Landon\Documents\audioSyntheticWav\SineWave.pure.4185.6Hz.wav,25,SINEWAVE
C:\Users\Landon\Documents\audioSyntheticWav\SawtoothWave.pure.538.5309Hz.wav,23,SAWTOOTHWAVE
C:\Users\Landon\Documents\audioSyntheticWav\SineWave.pure.50.4303Hz.wav,25,SINEWAVE
C:\Users\Landon\Documents\audioSyntheticWav\SineWave.pure.233.0591Hz.wav,25,SINEWAVE
C:\Users\Landon\Documents\audioSyntheticWav\TriangleWave.pure.20.5997Hz.wav,29,TRIANGLEWAVE
C:\Users\Landon\Documents\audioSyntheticWav\SineWave.pure.40.0266Hz.wav,25,SINEWAVE
C:\Users\Landon\Documents\audioSyntheticWav\SawtoothWave.pure.3322.1129Hz.wav,23,SAWTOOTHWAVE
C:\Users\Landon\Documents\audioSyntheticWav\TriangleWave.pure.26.7145Hz.wav,29,TRIANGLEWAVE
C:\Users\Landon\Documents\audioSyntheticWav\SawtoothWave.pure.718.8525Hz.wav,23,SAWTOOTHWAVE
C:\Users\Landon\Documents\audioSyntheticWav\TriangleWave.pure.293.6361Hz.wav,29,TRIANGLEWAVE
C:\Users\Landon\Documents\audioSyntheticWav\SineWave.pure.18.3523Hz.wav,25,SINEWAVE
C:\Users\Landon\Documents\audioSyntheticWav\SineWave.pure.3227.5388Hz.wav,25,SINEWAVE
C:\Users\Landon\Documents\audioSyntheticWav\SineWave.pure.33.6582Hz.wav,25,SINEWAVE
C:\Users\Landon\Documents\audioSyntheticWav\SineWave.pure.302.2403Hz.wav,25,SINEWAVE
C:\Users\Landon\Documents\audioSyntheticWav\SawtoothWave.pure.277.1555Hz.wav,23,SAWTOOTHWAVE
C:\Users\Landon\Documents\audioSyntheticWav\TriangleWave.pure.4434.4887Hz.wav,29,TRIANGLEWAVE
C:\Users\Landon\Documents\audioSyntheticWav\SawtoothWave.pure.30.8647Hz.wav,23,SAWTOOTHWAVE
C:\Users\Landon\Documents\audioSyntheticWav\SawtoothWave.pure.698.3882Hz.wav,23,SAWTOOTHWAVE
C:\Users\Landon\Documents\audioSyntheticWav\SineWave.pure.59.9721Hz.wav,25,SINEWAVE
C:\Users\Landon\Documents\audioSyntheticWav\SawtoothWave.pure.17.8298Hz.wav,23,SAWTOOTHWAVE
C:\Users\Landon\Documents\audioSyntheticWav\SawtoothWave.pure.783.9143Hz.wav,23,SAWTOOTHWAVE
C:\Users\Landon\Documents\audioSyntheticWav\SquareWave.pure.4185.6Hz.wav,27,SQUAREWAVE
C:\Users\Landon\Documents\audioSyntheticWav\SineWave.pure.932.2364Hz.wav,25,SINEWAVE
C:\Users\Landon\Documents\audioSyntheticWav\SawtoothWave.pure.493.835Hz.wav,23,SAWTOOTHWAVE
C:\Users\Landon\Documents\audioSyntheticWav\SawtoothWave.pure.103.816Hz.wav,23,SAWTOOTHWAVE
C:\Users\Landon\Documents\audioSyntheticWav\TriangleWave.pure.18.89Hz.wav,29,TRIANGLEWAVE
C:\Users\Landon\Documents\audioSyntheticWav\SawtoothWave.pure.119.9441Hz.wav,23,SAWTOOTHWAVE
C:\Users\Landon\Documents\audioSyntheticWav\SawtoothWave.pure.21.2033Hz.wav,23,SAWTOOTHWAVE
C:\Users\Landon\Documents\audioSyntheticWav\SineWave.pure.5123.3985Hz.wav,25,SINEWAVE
C:\Users\Landon\Documents\audioSyntheticWav\SquareWave.pure.1174.5443Hz.wav,27,SQUAREWAVE
C:\Users\Landon\Documents\audioSyntheticWav\TriangleWave.pure.32.7Hz.wav,29,TRIANGLEWAVE
C:\Users\Landon\Documents\audioSyntheticWav\TriangleWave.pure.3135.6571Hz.wav,29,TRIANGLEWAVE
C:\Users\Landon\Documents\audioSyntheticWav\TriangleWave.pure.415.2641Hz.wav,29,TRIANGLEWAVE
C:\Users\Landon\Documents\audioSyntheticWav\SquareWave.pure.190.3994Hz.wav,27,SQUAREWAVE
C:\Users\Landon\Documents\audioSyntheticWav\SawtoothWave.pure.830.5282Hz.wav,23,SAWTOOTHWAVE
C:\Users\Landon\Documents\audioSyntheticWav\SawtoothWave.pure.415.2641Hz.wav,23,SAWTOOTHWAVE
C:\Users\Landon\Documents\audioSyntheticWav\SineWave.pure.3622.7898Hz.wav,25,SINEWAVE
C:\Users\Landon\Documents\audioSyntheticWav\TriangleWave.pure.1811.3949Hz.wav,29,TRIANGLEWAVE
C:\Users\Landon\Documents\audioSyntheticWav\TriangleWave.pure.41.1994Hz.wav,29,TRIANGLEWAVE
C:\Users\Landon\Documents\audioSyntheticWav\SquareWave.pure.31.7691Hz.wav,27,SQUAREWAVE
C:\Users\Landon\Documents\audioSyntheticWav\TriangleWave.pure.43.6493Hz.wav,29,TRIANGLEWAVE
C:\Users\Landon\Documents\audioSyntheticWav\SquareWave.pure.659.1907Hz.wav,27,SQUAREWAVE
C:\Users\Landon\Documents\audioSyntheticWav\TriangleWave.pure.48.9946Hz.wav,29,TRIANGLEWAVE
C:\Users\Landon\Documents\audioSyntheticWav\SineWave.pure.493.835Hz.wav,25,SINEWAVE
C:\Users\Landon\Documents\audioSyntheticWav\SawtoothWave.pure.466.1182Hz.wav,23,SAWTOOTHWAVE
C:\Users\Landon\Documents\audioSyntheticWav\TriangleWave.pure.2033.222Hz.wav,29,TRIANGLEWAVE
C:\Users\Landon\Documents\audioSyntheticWav\SineWave.pure.3135.6571Hz.wav,25,SINEWAVE
C:\Users\Landon\Documents\audioSyntheticWav\TriangleWave.pure.854.8646Hz.wav,29,TRIANGLEWAVE
C:\Users\Landon\Documents\audioSyntheticWav\SquareWave.pure.89.8566Hz.wav,27,SQUAREWAVE
C:\Users\Landon\Documents\audioSyntheticWav\SawtoothWave.pure.33.6582Hz.wav,23,SAWTOOTHWAVE
C:\Users\Landon\Documents\audioSyntheticWav\SquareWave.pure.3622.7898Hz.wav,27,SQUAREWAVE
C:\Users\Landon\Documents\audioSyntheticWav\SineWave.pure.678.5065Hz.wav,25,SINEWAVE
C:\Users\Landon\Documents\audioSyntheticWav\SineWave.pure.146.818Hz.wav,25,SINEWAVE
C:\Users\Landon\Documents\audioSyntheticWav\SineWave.pure.1208.9611Hz.wav,25,SINEWAVE
C:\Users\Landon\Documents\audioSyntheticWav\SawtoothWave.pure.2714.0258Hz.wav,23,SAWTOOTHWAVE
C:\Users\Landon\Documents\audioSyntheticWav\SawtoothWave.pure.1077.0619Hz.wav,23,SAWTOOTHWAVE
C:\Users\Landon\Documents\audioSyntheticWav\TriangleWave.pure.380.7989Hz.wav,29,TRIANGLEWAVE
C:\Users\Landon\Documents\audioSyntheticWav\TriangleWave.pure.1661.0565Hz.wav,29,TRIANGLEWAVE
C:\Users\Landon\Documents\audioSyntheticWav\TriangleWave.pure.1613.7694Hz.wav,29,TRIANGLEWAVE
C:\Users\Landon\Documents\audioSyntheticWav\SineWave.pure.830.5282Hz.wav,25,SINEWAVE
C:\Users\Landon\Documents\audioSyntheticWav\SawtoothWave.pure.678.5065Hz.wav,23,SAWTOOTHWAVE
C:\Users\Landon\Documents\audioSyntheticWav\SineWave.pure.554.3111Hz.wav,25,SINEWAVE
C:\Users\Landon\Documents\audioSyntheticWav\SquareWave.pure.604.4805Hz.wav,27,SQUAREWAVE
C:\Users\Landon\Documents\audioSyntheticWav\SquareWave.pure.2793.5528Hz.wav,27,SQUAREWAVE
C:\Users\Landon\Documents\audioSyntheticWav\TriangleWave.pure.213.7161Hz.wav,29,TRIANGLEWAVE
C:\Users\Landon\Documents\audioSyntheticWav\TriangleWave.pure.1357.0129Hz.wav,29,TRIANGLEWAVE
C:\Users\Landon\Documents\audioSyntheticWav\SawtoothWave.pure.22.4641Hz.wav,23,SAWTOOTHWAVE
C:\Users\Landon\Documents\audioSyntheticWav\TriangleWave.pure.2154.1237Hz.wav,29,TRIANGLEWAVE
C:\Users\Landon\Documents\audioSyntheticWav\SawtoothWave.pure.151.1201Hz.wav,23,SAWTOOTHWAVE
C:\Users\Landon\Documents\audioSyntheticWav\SawtoothWave.pure.349.1941Hz.wav,23,SAWTOOTHWAVE
C:\Users\Landon\Documents\audioSyntheticWav\SineWave.pure.2217.2444Hz.wav,25,SINEWAVE
C:\Users\Landon\Documents\audioSyntheticWav\TriangleWave.pure.783.9143Hz.wav,29,TRIANGLEWAVE
C:\Users\Landon\Documents\audioSyntheticWav\TriangleWave.pure.1244.3863Hz.wav,29,TRIANGLEWAVE
C:\Users\Landon\Documents\audioSyntheticWav\SquareWave.pure.1280.8496Hz.wav,27,SQUAREWAVE
C:\Users\Landon\Documents\audioSyntheticWav\SineWave.pure.17.8298Hz.wav,25,SINEWAVE
C:\Users\Landon\Documents\audioSyntheticWav\TriangleWave.pure.2417.9221Hz.wav,29,TRIANGLEWAVE
C:\Users\Landon\Documents\audioSyntheticWav\SawtoothWave.pure.113.2122Hz.wav,23,SAWTOOTHWAVE
C:\Users\Landon\Documents\audioSyntheticWav\SawtoothWave.pure.130.8Hz.wav,23,SAWTOOTHWAVE
C:\Users\Landon\Documents\audioSyntheticWav\SineWave.pure.320.2124Hz.wav,25,SINEWAVE
C:\Users\Landon\Documents\audioSyntheticWav\SquareWave.pure.959.553Hz.wav,27,SQUAREWAVE
C:\Users\Landon\Documents\audioSyntheticWav\SineWave.pure.570.5536Hz.wav,25,SINEWAVE
C:\Users\Landon\Documents\audioSyntheticWav\SawtoothWave.pure.146.818Hz.wav,23,SAWTOOTHWAVE
C:\Users\Landon\Documents\audioSyntheticWav\SquareWave.pure.277.1555Hz.wav,27,SQUAREWAVE
C:\Users\Landon\Documents\audioSyntheticWav\SquareWave.pure.207.6321Hz.wav,27,SQUAREWAVE
C:\Users\Landon\Documents\audioSyntheticWav\SawtoothWave.pure.2033.222Hz.wav,23,SAWTOOTHWAVE
C:\Users\Landon\Documents\audioSyntheticWav\SawtoothWave.pure.95.1997Hz.wav,23,SAWTOOTHWAVE
C:\Users\Landon\Documents\audioSyntheticWav\SineWave.pure.246.9175Hz.wav,25,SINEWAVE
C:\Users\Landon\Documents\audioSyntheticWav\TriangleWave.pure.92.4896Hz.wav,29,TRIANGLEWAVE
C:\Users\Landon\Documents\audioSyntheticWav\TriangleWave.pure.116.5296Hz.wav,29,TRIANGLEWAVE
C:\Users\Landon\Documents\audioSyntheticWav\SquareWave.pure.123.4588Hz.wav,27,SQUAREWAVE
C:\Users\Landon\Documents\audioSyntheticWav\SineWave.pure.4564.4292Hz.wav,25,SINEWAVE
C:\Users\Landon\Documents\audioSyntheticWav\SineWave.pure.116.5296Hz.wav,25,SINEWAVE
C:\Users\Landon\Documents\audioSyntheticWav\TriangleWave.pure.75.5601Hz.wav,29,TRIANGLEWAVE
C:\Users\Landon\Documents\audioSyntheticWav\SquareWave.pure.1759.828Hz.wav,27,SQUAREWAVE
C:\Users\Landon\Documents\audioSyntheticWav\SquareWave.pure.3135.6571Hz.wav,27,SQUAREWAVE
C:\Users\Landon\Documents\audioSyntheticWav\SquareWave.pure.16.35Hz.wav,27,SQUAREWAVE
C:\Users\Landon\Documents\audioSyntheticWav\SineWave.pure.34.6444Hz.wav,25,SINEWAVE
C:\Users\Landon\Documents\audioSyntheticWav\SineWave.pure.311.0966Hz.wav,25,SINEWAVE
C:\Users\Landon\Documents\audioSyntheticWav\SawtoothWave.pure.403.4424Hz.wav,23,SAWTOOTHWAVE
C:\Users\Landon\Documents\audioSyntheticWav\SquareWave.pure.4308.2474Hz.wav,27,SQUAREWAVE
C:\Users\Landon\Documents\audioSyntheticWav\TriangleWave.pure.320.2124Hz.wav,29,TRIANGLEWAVE
C:\Users\Landon\Documents\audioSyntheticWav\SineWave.pure.854.8646Hz.wav,25,SINEWAVE
C:\Users\Landon\Documents\audioSyntheticWav\TriangleWave.pure.17.8298Hz.wav,29,TRIANGLEWAVE
C:\Users\Landon\Documents\audioSyntheticWav\SineWave.pure.2282.2146Hz.wav,25,SINEWAVE
C:\Users\Landon\Documents\audioSyntheticWav\SineWave.pure.142.6384Hz.wav,25,SINEWAVE
C:\Users\Landon\Documents\audioSyntheticWav\SquareWave.pure.1479.8331Hz.wav,27,SQUAREWAVE
C:\Users\Landon\Documents\audioSyntheticWav\SineWave.pure.18.89Hz.wav,25,SINEWAVE
C:\Users\Landon\Documents\audioSyntheticWav\SquareWave.pure.28.303Hz.wav,27,SQUAREWAVE
C:\Users\Landon\Documents\audioSyntheticWav\SineWave.pure.3322.1129Hz.wav,25,SINEWAVE
C:\Users\Landon\Documents\audioSyntheticWav\SquareWave.pure.479.7765Hz.wav,27,SQUAREWAVE
C:\Users\Landon\Documents\audioSyntheticWav\SawtoothWave.pure.391.9571Hz.wav,23,SAWTOOTHWAVE
C:\Users\Landon\Documents\audioSyntheticWav\SineWave.pure.195.9786Hz.wav,25,SINEWAVE
C:\Users\Landon\Documents\audioSyntheticWav\TriangleWave.pure.452.8487Hz.wav,29,TRIANGLEWAVE
C:\Users\Landon\Documents\audioSyntheticWav\TriangleWave.pure.1709.7291Hz.wav,29,TRIANGLEWAVE
C:\Users\Landon\Documents\audioSyntheticWav\TriangleWave.pure.1046.4Hz.wav,29,TRIANGLEWAVE
C:\Users\Landon\Documents\audioSyntheticWav\SineWave.pure.3838.2121Hz.wav,25,SINEWAVE
C:\Users\Landon\Documents\audioSyntheticWav\SawtoothWave.pure.190.3994Hz.wav,23,SAWTOOTHWAVE
C:\Users\Landon\Documents\audioSyntheticWav\SawtoothWave.pure.1208.9611Hz.wav,23,SAWTOOTHWAVE
C:\Users\Landon\Documents\audioSyntheticWav\SquareWave.pure.508.3055Hz.wav,27,SQUAREWAVE
C:\Users\Landon\Documents\audioSyntheticWav\SineWave.pure.190.3994Hz.wav,25,SINEWAVE
C:\Users\Landon\Documents\audioSyntheticWav\SineWave.pure.29.1324Hz.wav,25,SINEWAVE
C:\Users\Landon\Documents\audioSyntheticWav\TriangleWave.pure.63.5382Hz.wav,29,TRIANGLEWAVE
C:\Users\Landon\Documents\audioSyntheticWav\SineWave.pure.103.816Hz.wav,25,SINEWAVE
C:\Users\Landon\Documents\audioSyntheticWav\SawtoothWave.pure.2154.1237Hz.wav,23,SAWTOOTHWAVE
C:\Users\Landon\Documents\audioSyntheticWav\SawtoothWave.pure.75.5601Hz.wav,23,SAWTOOTHWAVE
C:\Users\Landon\Documents\audioSyntheticWav\SineWave.pure.113.2122Hz.wav,25,SINEWAVE
C:\Users\Landon\Documents\audioSyntheticWav\SineWave.pure.739.9165Hz.wav,25,SINEWAVE
C:\Users\Landon\Documents\audioSyntheticWav\SquareWave.pure.427.4323Hz.wav,27,SQUAREWAVE
C:\Users\Landon\Documents\audioSyntheticWav\SawtoothWave.pure.479.7765Hz.wav,23,SAWTOOTHWAVE
C:\Users\Landon\Documents\audioSyntheticWav\SawtoothWave.pure.508.3055Hz.wav,23,SAWTOOTHWAVE
C:\Users\Landon\Documents\audioSyntheticWav\SquareWave.pure.246.9175Hz.wav,27,SQUAREWAVE
C:\Users\Landon\Documents\audioSyntheticWav\SawtoothWave.pure.369.9583Hz.wav,23,SAWTOOTHWAVE
C:\Users\Landon\Documents\audioSyntheticWav\SineWave.pure.20.5997Hz.wav,25,SINEWAVE
C:\Users\Landon\Documents\audioSyntheticWav\SineWave.pure.1523.1955Hz.wav,25,SINEWAVE
C:\Users\Landon\Documents\audioSyntheticWav\SineWave.pure.27.4973Hz.wav,25,SINEWAVE
C:\Users\Landon\Documents\audioSyntheticWav\SawtoothWave.pure.1523.1955Hz.wav,23,SAWTOOTHWAVE
C:\Users\Landon\Documents\audioSyntheticWav\TriangleWave.pure.1318.3814Hz.wav,29,TRIANGLEWAVE
C:\Users\Landon\Documents\audioSyntheticWav\SquareWave.pure.100.8606Hz.wav,27,SQUAREWAVE
C:\Users\Landon\Documents\audioSyntheticWav\SawtoothWave.pure.2875.4102Hz.wav,23,SAWTOOTHWAVE
C:\Users\Landon\Documents\audioSyntheticWav\SawtoothWave.pure.89.8566Hz.wav,23,SAWTOOTHWAVE
C:\Users\Landon\Documents\audioSyntheticWav\SineWave.pure.427.4323Hz.wav,25,SINEWAVE
C:\Users\Landon\Documents\audioSyntheticWav\SquareWave.pure.523.2Hz.wav,27,SQUAREWAVE
C:\Users\Landon\Documents\audioSyntheticWav\SineWave.pure.698.3882Hz.wav,25,SINEWAVE
C:\Users\Landon\Documents\audioSyntheticWav\SquareWave.pure.195.9786Hz.wav,27,SQUAREWAVE
C:\Users\Landon\Documents\audioSyntheticWav\SquareWave.pure.67.3164Hz.wav,27,SQUAREWAVE
C:\Users\Landon\Documents\audioSyntheticWav\SineWave.pure.2561.6993Hz.wav,25,SINEWAVE
C:\Users\Landon\Documents\audioSyntheticWav\SquareWave.pure.698.3882Hz.wav,27,SQUAREWAVE
C:\Users\Landon\Documents\audioSyntheticWav\TriangleWave.pure.123.4588Hz.wav,29,TRIANGLEWAVE
C:\Users\Landon\Documents\audioSyntheticWav\TriangleWave.pure.89.8566Hz.wav,29,TRIANGLEWAVE
C:\Users\Landon\Documents\audioSyntheticWav\SquareWave.pure.213.7161Hz.wav,27,SQUAREWAVE
C:\Users\Landon\Documents\audioSyntheticWav\TriangleWave.pure.2488.7727Hz.wav,29,TRIANGLEWAVE
C:\Users\Landon\Documents\audioSyntheticWav\SawtoothWave.pure.2349.0886Hz.wav,23,SAWTOOTHWAVE
C:\Users\Landon\Documents\audioSyntheticWav\SineWave.pure.119.9441Hz.wav,25,SINEWAVE
C:\Users\Landon\Documents\audioSyntheticWav\SawtoothWave.pure.359.4263Hz.wav,23,SAWTOOTHWAVE
C:\Users\Landon\Documents\audioSyntheticWav\SineWave.pure.1046.4Hz.wav,25,SINEWAVE
C:\Users\Landon\Documents\audioSyntheticWav\TriangleWave.pure.3728.9457Hz.wav,29,TRIANGLEWAVE
C:\Users\Landon\Documents\audioSyntheticWav\SquareWave.pure.103.816Hz.wav,27,SQUAREWAVE
C:\Users\Landon\Documents\audioSyntheticWav\SawtoothWave.pure.27.4973Hz.wav,23,SAWTOOTHWAVE
C:\Users\Landon\Documents\audioSyntheticWav\SquareWave.pure.116.5296Hz.wav,27,SQUAREWAVE
C:\Users\Landon\Documents\audioSyntheticWav\SineWave.pure.1709.7291Hz.wav,25,SINEWAVE
C:\Users\Landon\Documents\audioSyntheticWav\SquareWave.pure.71.3192Hz.wav,27,SQUAREWAVE
C:\Users\Landon\Documents\audioSyntheticWav\TriangleWave.pure.987.6701Hz.wav,29,TRIANGLEWAVE
C:\Users\Landon\Documents\audioSyntheticWav\SawtoothWave.pure.20.0133Hz.wav,23,SAWTOOTHWAVE
C:\Users\Landon\Documents\audioSyntheticWav\TriangleWave.pure.640.4248Hz.wav,29,TRIANGLEWAVE
C:\Users\Landon\Documents\audioSyntheticWav\SquareWave.pure.3950.6803Hz.wav,27,SQUAREWAVE
C:\Users\Landon\Documents\audioSyntheticWav\SineWave.pure.16.35Hz.wav,25,SINEWAVE
C:\Users\Landon\Documents\audioSyntheticWav\TriangleWave.pure.905.6975Hz.wav,29,TRIANGLEWAVE
C:\Users\Landon\Documents\audioSyntheticWav\SawtoothWave.pure.32.7Hz.wav,23,SAWTOOTHWAVE
C:\Users\Landon\Documents\audioSyntheticWav\TriangleWave.pure.698.3882Hz.wav,29,TRIANGLEWAVE
C:\Users\Landon\Documents\audioSyntheticWav\SawtoothWave.pure.97.9893Hz.wav,23,SAWTOOTHWAVE
C:\Users\Landon\Documents\audioSyntheticWav\SawtoothWave.pure.213.7161Hz.wav,23,SAWTOOTHWAVE
C:\Users\Landon\Documents\audioSyntheticWav\TriangleWave.pure.2875.4102Hz.wav,29,TRIANGLEWAVE
C:\Users\Landon\Documents\audioSyntheticWav\SawtoothWave.pure.239.8883Hz.wav,23,SAWTOOTHWAVE
C:\Users\Landon\Documents\audioSyntheticWav\TriangleWave.pure.29.986Hz.wav,29,TRIANGLEWAVE
C:\Users\Landon\Documents\audioSyntheticWav\SquareWave.pure.63.5382Hz.wav,27,SQUAREWAVE
C:\Users\Landon\Documents\audioSyntheticWav\SineWave.pure.959.553Hz.wav,25,SINEWAVE
C:\Users\Landon\Documents\audioSyntheticWav\SawtoothWave.pure.380.7989Hz.wav,23,SAWTOOTHWAVE
C:\Users\Landon\Documents\audioSyntheticWav\SawtoothWave.pure.169.6266Hz.wav,23,SAWTOOTHWAVE
C:\Users\Landon\Documents\audioSyntheticWav\SawtoothWave.pure.4185.6Hz.wav,23,SAWTOOTHWAVE
C:\Users\Landon\Documents\audioSyntheticWav\SquareWave.pure.164.7977Hz.wav,27,SQUAREWAVE
C:\Users\Landon\Documents\audioSyntheticWav\TriangleWave.pure.28.303Hz.wav,29,TRIANGLEWAVE
C:\Users\Landon\Documents\audioSyntheticWav\SineWave.pure.35.6596Hz.wav,25,SINEWAVE
C:\Users\Landon\Documents\audioSyntheticWav\SawtoothWave.pure.2488.7727Hz.wav,23,SAWTOOTHWAVE
C:\Users\Landon\Documents\audioSyntheticWav\SineWave.pure.109.9893Hz.wav,25,SINEWAVE
C:\Users\Landon\Documents\audioSyntheticWav\SawtoothWave.pure.65.4Hz.wav,23,SAWTOOTHWAVE
C:\Users\Landon\Documents\audioSyntheticWav\SineWave.pure.2092.8Hz.wav,25,SINEWAVE
C:\Users\Landon\Documents\audioSyntheticWav\TriangleWave.pure.4977.5453Hz.wav,29,TRIANGLEWAVE
C:\Users\Landon\Documents\audioSyntheticWav\SineWave.pure.1811.3949Hz.wav,25,SINEWAVE
C:\Users\Landon\Documents\audioSyntheticWav\SawtoothWave.pure.77.7741Hz.wav,23,SAWTOOTHWAVE
C:\Users\Landon\Documents\audioSyntheticWav\SawtoothWave.pure.320.2124Hz.wav,23,SAWTOOTHWAVE
C:\Users\Landon\Documents\audioSyntheticWav\TriangleWave.pure.106.8581Hz.wav,29,TRIANGLEWAVE
C:\Users\Landon\Documents\audioSyntheticWav\SquareWave.pure.113.2122Hz.wav,27,SQUAREWAVE
C:\Users\Landon\Documents\audioSyntheticWav\SquareWave.pure.2282.2146Hz.wav,27,SQUAREWAVE
C:\Users\Landon\Documents\audioSyntheticWav\TriangleWave.pure.479.7765Hz.wav,29,TRIANGLEWAVE
C:\Users\Landon\Documents\audioSyntheticWav\SquareWave.pure.29.1324Hz.wav,27,SQUAREWAVE
C:\Users\Landon\Documents\audioSyntheticWav\SawtoothWave.pure.311.0966Hz.wav,23,SAWTOOTHWAVE
C:\Users\Landon\Documents\audioSyntheticWav\SawtoothWave.pure.138.5778Hz.wav,23,SAWTOOTHWAVE
C:\Users\Landon\Documents\audioSyntheticWav\SawtoothWave.pure.427.4323Hz.wav,23,SAWTOOTHWAVE
C:\Users\Landon\Documents\audioSyntheticWav\SquareWave.pure.73.409Hz.wav,27,SQUAREWAVE
C:\Users\Landon\Documents\audioSyntheticWav\SquareWave.pure.109.9893Hz.wav,27,SQUAREWAVE
C:\Users\Landon\Documents\audioSyntheticWav\SineWave.pure.42.4067Hz.wav,25,SINEWAVE
C:\Users\Landon\Documents\audioSyntheticWav\SawtoothWave.pure.4564.4292Hz.wav,23,SAWTOOTHWAVE
C:\Users\Landon\Documents\audioSyntheticWav\SquareWave.pure.1975.3402Hz.wav,27,SQUAREWAVE
C:\Users\Landon\Documents\audioSyntheticWav\SquareWave.pure.2092.8Hz.wav,27,SQUAREWAVE
C:\Users\Landon\Documents\audioSyntheticWav\TriangleWave.pure.1567.8285Hz.wav,29,TRIANGLEWAVE
C:\Users\Landon\Documents\audioSyntheticWav\SineWave.pure.4434.4887Hz.wav,25,SINEWAVE
C:\Users\Landon\Documents\audioSyntheticWav\SquareWave.pure.718.8525Hz.wav,27,SQUAREWAVE
C:\Users\Landon\Documents\audioSyntheticWav\SineWave.pure.134.6327Hz.wav,25,SINEWAVE
C:\Users\Landon\Documents\audioSyntheticWav\TriangleWave.pure.130.8Hz.wav,29,TRIANGLEWAVE
C:\Users\Landon\Documents\audioSyntheticWav\SawtoothWave.pure.1864.4728Hz.wav,23,SAWTOOTHWAVE
C:\Users\Landon\Documents\audioSyntheticWav\SineWave.pure.97.9893Hz.wav,25,SINEWAVE
C:\Users\Landon\Documents\audioSyntheticWav\SineWave.pure.21.8246Hz.wav,25,SINEWAVE
C:\Users\Landon\Documents\audioSyntheticWav\TriangleWave.pure.42.4067Hz.wav,29,TRIANGLEWAVE
C:\Users\Landon\Documents\audioSyntheticWav\SineWave.pure.38.8871Hz.wav,25,SINEWAVE
C:\Users\Landon\Documents\audioSyntheticWav\TriangleWave.pure.31.7691Hz.wav,29,TRIANGLEWAVE
C:\Users\Landon\Documents\audioSyntheticWav\TriangleWave.pure.3838.2121Hz.wav,29,TRIANGLEWAVE
C:\Users\Landon\Documents\audioSyntheticWav\TriangleWave.pure.261.6Hz.wav,29,TRIANGLEWAVE
C:\Users\Landon\Documents\audioSyntheticWav\SquareWave.pure.32.7Hz.wav,27,SQUAREWAVE
C:\Users\Landon\Documents\audioSyntheticWav\SineWave.pure.349.1941Hz.wav,25,SINEWAVE
C:\Users\Landon\Documents\audioSyntheticWav\SquareWave.pure.452.8487Hz.wav,27,SQUAREWAVE
C:\Users\Landon\Documents\audioSyntheticWav\SquareWave.pure.106.8581Hz.wav,27,SQUAREWAVE
C:\Users\Landon\Documents\audioSyntheticWav\TriangleWave.pure.3622.7898Hz.wav,29,TRIANGLEWAVE
C:\Users\Landon\Documents\audioSyntheticWav\SquareWave.pure.233.0591Hz.wav,27,SQUAREWAVE
C:\Users\Landon\Documents\audioSyntheticWav\SawtoothWave.pure.80.0531Hz.wav,23,SAWTOOTHWAVE
C:\Users\Landon\Documents\audioSyntheticWav\SineWave.pure.380.7989Hz.wav,25,SINEWAVE
C:\Users\Landon\Documents\audioSyntheticWav\SawtoothWave.pure.987.6701Hz.wav,23,SAWTOOTHWAVE
C:\Users\Landon\Documents\audioSyntheticWav\SquareWave.pure.2561.6993Hz.wav,27,SQUAREWAVE
C:\Users\Landon\Documents\audioSyntheticWav\SawtoothWave.pure.1108.6222Hz.wav,23,SAWTOOTHWAVE
C:\Users\Landon\Documents\audioSyntheticWav\SineWave.pure.4308.2474Hz.wav,25,SINEWAVE
C:\Users\Landon\Documents\audioSyntheticWav\SineWave.pure.254.1528Hz.wav,25,SINEWAVE
C:\Users\Landon\Documents\audioSyntheticWav\SineWave.pure.65.4Hz.wav,25,SINEWAVE
C:\Users\Landon\Documents\audioSyntheticWav\SineWave.pure.80.0531Hz.wav,25,SINEWAVE
C:\Users\Landon\Documents\audioSyntheticWav\SquareWave.pure.80.0531Hz.wav,27,SQUAREWAVE
C:\Users\Landon\Documents\audioSyntheticWav\SquareWave.pure.1208.9611Hz.wav,27,SQUAREWAVE
C:\Users\Landon\Documents\audioSyntheticWav\SawtoothWave.pure.164.7977Hz.wav,23,SAWTOOTHWAVE
C:\Users\Landon\Documents\audioSyntheticWav\TriangleWave.pure.27.4973Hz.wav,29,TRIANGLEWAVE
C:\Users\Landon\Documents\audioSyntheticWav\SawtoothWave.pure.806.8847Hz.wav,23,SAWTOOTHWAVE
C:\Users\Landon\Documents\audioSyntheticWav\SawtoothWave.pure.44.9283Hz.wav,23,SAWTOOTHWAVE
C:\Users\Landon\Documents\audioSyntheticWav\SquareWave.pure.23.7999Hz.wav,27,SQUAREWAVE
C:\Users\Landon\Documents\audioSyntheticWav\SquareWave.pure.311.0966Hz.wav,27,SQUAREWAVE
C:\Users\Landon\Documents\audioSyntheticWav\SquareWave.pure.4835.8442Hz.wav,27,SQUAREWAVE
C:\Users\Landon\Documents\audioSyntheticWav\TriangleWave.pure.100.8606Hz.wav,29,TRIANGLEWAVE
C:\Users\Landon\Documents\audioSyntheticWav\TriangleWave.pure.3419.4583Hz.wav,29,TRIANGLEWAVE
C:\Users\Landon\Documents\audioSyntheticWav\SineWave.pure.783.9143Hz.wav,25,SINEWAVE
C:\Users\Landon\Documents\audioSyntheticWav\TriangleWave.pure.58.2648Hz.wav,29,TRIANGLEWAVE
C:\Users\Landon\Documents\audioSyntheticWav\SquareWave.pure.160.1062Hz.wav,27,SQUAREWAVE
C:\Users\Landon\Documents\audioSyntheticWav\SquareWave.pure.2417.9221Hz.wav,27,SQUAREWAVE
C:\Users\Landon\Documents\audioSyntheticWav\SawtoothWave.pure.1046.4Hz.wav,23,SAWTOOTHWAVE
C:\Users\Landon\Documents\audioSyntheticWav\SineWave.pure.1437.7051Hz.wav,25,SINEWAVE
C:\Users\Landon\Documents\audioSyntheticWav\SineWave.pure.36.7045Hz.wav,25,SINEWAVE
C:\Users\Landon\Documents\audioSyntheticWav\SquareWave.pure.1141.1073Hz.wav,27,SQUAREWAVE
C:\Users\Landon\Documents\audioSyntheticWav\TriangleWave.pure.2092.8Hz.wav,29,TRIANGLEWAVE
C:\Users\Landon\Documents\audioSyntheticWav\SineWave.pure.130.8Hz.wav,25,SINEWAVE
C:\Users\Landon\Documents\audioSyntheticWav\SquareWave.pure.1523.1955Hz.wav,27,SQUAREWAVE
C:\Users\Landon\Documents\audioSyntheticWav\SawtoothWave.pure.92.4896Hz.wav,23,SAWTOOTHWAVE
C:\Users\Landon\Documents\audioSyntheticWav\TriangleWave.pure.35.6596Hz.wav,29,TRIANGLEWAVE
C:\Users\Landon\Documents\audioSyntheticWav\SquareWave.pure.987.6701Hz.wav,27,SQUAREWAVE
C:\Users\Landon\Documents\audioSyntheticWav\TriangleWave.pure.508.3055Hz.wav,29,TRIANGLEWAVE
C:\Users\Landon\Documents\audioSyntheticWav\SawtoothWave.pure.1318.3814Hz.wav,23,SAWTOOTHWAVE
C:\Users\Landon\Documents\audioSyntheticWav\TriangleWave.pure.1975.3402Hz.wav,29,TRIANGLEWAVE
C:\Users\Landon\Documents\audioSyntheticWav\SquareWave.pure.47.5999Hz.wav,27,SQUAREWAVE
C:\Users\Landon\Documents\audioSyntheticWav\SawtoothWave.pure.28.303Hz.wav,23,SAWTOOTHWAVE
C:\Users\Landon\Documents\audioSyntheticWav\SawtoothWave.pure.246.9175Hz.wav,23,SAWTOOTHWAVE
C:\Users\Landon\Documents\audioSyntheticWav\SawtoothWave.pure.1479.8331Hz.wav,23,SAWTOOTHWAVE
C:\Users\Landon\Documents\audioSyntheticWav\SquareWave.pure.41.1994Hz.wav,27,SQUAREWAVE
C:\Users\Landon\Documents\audioSyntheticWav\SineWave.pure.1357.0129Hz.wav,25,SINEWAVE
C:\Users\Landon\Documents\audioSyntheticWav\TriangleWave.pure.87.2985Hz.wav,29,TRIANGLEWAVE
C:\Users\Landon\Documents\audioSyntheticWav\SquareWave.pure.5123.3985Hz.wav,27,SQUAREWAVE
C:\Users\Landon\Documents\audioSyntheticWav\SawtoothWave.pure.26.7145Hz.wav,23,SAWTOOTHWAVE
C:\Users\Landon\Documents\audioSyntheticWav\SquareWave.pure.38.8871Hz.wav,27,SQUAREWAVE
C:\Users\Landon\Documents\audioSyntheticWav\SquareWave.pure.130.8Hz.wav,27,SQUAREWAVE
C:\Users\Landon\Documents\audioSyntheticWav\SquareWave.pure.622.1932Hz.wav,27,SQUAREWAVE
C:\Users\Landon\Documents\audioSyntheticWav\TriangleWave.pure.23.1224Hz.wav,29,TRIANGLEWAVE
C:\Users\Landon\Documents\audioSyntheticWav\SineWave.pure.53.429Hz.wav,25,SINEWAVE
C:\Users\Landon\Documents\audioSyntheticWav\SawtoothWave.pure.339.2532Hz.wav,23,SAWTOOTHWAVE
C:\Users\Landon\Documents\audioSyntheticWav\SquareWave.pure.34.6444Hz.wav,27,SQUAREWAVE
C:\Users\Landon\Documents\audioSyntheticWav\SquareWave.pure.23.1224Hz.wav,27,SQUAREWAVE
C:\Users\Landon\Documents\audioSyntheticWav\SquareWave.pure.1046.4Hz.wav,27,SQUAREWAVE
C:\Users\Landon\Documents\audioSyntheticWav\SawtoothWave.pure.37.78Hz.wav,23,SAWTOOTHWAVE
C:\Users\Landon\Documents\audioSyntheticWav\SawtoothWave.pure.50.4303Hz.wav,23,SAWTOOTHWAVE
C:\Users\Landon\Documents\audioSyntheticWav\SquareWave.pure.3046.391Hz.wav,27,SQUAREWAVE
C:\Users\Landon\Documents\audioSyntheticWav\SawtoothWave.pure.25.954Hz.wav,23,SAWTOOTHWAVE
C:\Users\Landon\Documents\audioSyntheticWav\TriangleWave.pure.302.2403Hz.wav,29,TRIANGLEWAVE
C:\Users\Landon\Documents\audioSyntheticWav\TriangleWave.pure.46.2448Hz.wav,29,TRIANGLEWAVE
C:\Users\Landon\Documents\audioSyntheticWav\SquareWave.pure.2488.7727Hz.wav,27,SQUAREWAVE
C:\Users\Landon\Documents\audioSyntheticWav\SquareWave.pure.391.9571Hz.wav,27,SQUAREWAVE
C:\Users\Landon\Documents\audioSyntheticWav\TriangleWave.pure.207.6321Hz.wav,29,TRIANGLEWAVE
C:\Users\Landon\Documents\audioSyntheticWav\SquareWave.pure.30.8647Hz.wav,27,SQUAREWAVE
C:\Users\Landon\Documents\audioSyntheticWav\SquareWave.pure.254.1528Hz.wav,27,SQUAREWAVE
C:\Users\Landon\Documents\audioSyntheticWav\TriangleWave.pure.2959.6661Hz.wav,29,TRIANGLEWAVE
C:\Users\Landon\Documents\audioSyntheticWav\SquareWave.pure.155.5483Hz.wav,27,SQUAREWAVE
C:\Users\Landon\Documents\audioSyntheticWav\SquareWave.pure.854.8646Hz.wav,27,SQUAREWAVE
C:\Users\Landon\Documents\audioSyntheticWav\SquareWave.pure.2217.2444Hz.wav,27,SQUAREWAVE
C:\Users\Landon\Documents\audioSyntheticWav\SawtoothWave.pure.41.1994Hz.wav,23,SAWTOOTHWAVE
C:\Users\Landon\Documents\audioSyntheticWav\TriangleWave.pure.1759.828Hz.wav,29,TRIANGLEWAVE
C:\Users\Landon\Documents\audioSyntheticWav\SquareWave.pure.35.6596Hz.wav,27,SQUAREWAVE
C:\Users\Landon\Documents\audioSyntheticWav\TriangleWave.pure.339.2532Hz.wav,29,TRIANGLEWAVE
C:\Users\Landon\Documents\audioSyntheticWav\SawtoothWave.pure.1280.8496Hz.wav,23,SAWTOOTHWAVE
C:\Users\Landon\Documents\audioSyntheticWav\SineWave.pure.47.5999Hz.wav,25,SINEWAVE
C:\Users\Landon\Documents\audioSyntheticWav\TriangleWave.pure.959.553Hz.wav,29,TRIANGLEWAVE
C:\Users\Landon\Documents\audioSyntheticWav\TriangleWave.pure.4185.6Hz.wav,29,TRIANGLEWAVE
C:\Users\Landon\Documents\audioSyntheticWav\TriangleWave.pure.84.8133Hz.wav,29,TRIANGLEWAVE
C:\Users\Landon\Documents\audioSyntheticWav\SquareWave.pure.142.6384Hz.wav,27,SQUAREWAVE
C:\Users\Landon\Documents\audioSyntheticWav\TriangleWave.pure.82.3988Hz.wav,29,TRIANGLEWAVE
C:\Users\Landon\Documents\audioSyntheticWav\SquareWave.pure.54.9946Hz.wav,27,SQUAREWAVE
C:\Users\Landon\Documents\audioSyntheticWav\TriangleWave.pure.142.6384Hz.wav,29,TRIANGLEWAVE
C:\Users\Landon\Documents\audioSyntheticWav\SawtoothWave.pure.56.6061Hz.wav,23,SAWTOOTHWAVE
C:\Users\Landon\Documents\audioSyntheticWav\SquareWave.pure.359.4263Hz.wav,27,SQUAREWAVE
C:\Users\Landon\Documents\audioSyntheticWav\TriangleWave.pure.30.8647Hz.wav,29,TRIANGLEWAVE
C:\Users\Landon\Documents\audioSyntheticWav\TriangleWave.pure.233.0591Hz.wav,29,TRIANGLEWAVE
C:\Users\Landon\Documents\audioSyntheticWav\SawtoothWave.pure.20.5997Hz.wav,23,SAWTOOTHWAVE
C:\Users\Landon\Documents\audioSyntheticWav\SineWave.pure.339.2532Hz.wav,25,SINEWAVE
C:\Users\Landon\Documents\audioSyntheticWav\TriangleWave.pure.1141.1073Hz.wav,29,TRIANGLEWAVE
C:\Users\Landon\Documents\audioSyntheticWav\SawtoothWave.pure.25.2151Hz.wav,23,SAWTOOTHWAVE
C:\Users\Landon\Documents\audioSyntheticWav\SawtoothWave.pure.174.5971Hz.wav,23,SAWTOOTHWAVE
C:\Users\Landon\Documents\audioSyntheticWav\TriangleWave.pure.21.8246Hz.wav,29,TRIANGLEWAVE
C:\Users\Landon\Documents\audioSyntheticWav\SquareWave.pure.239.8883Hz.wav,27,SQUAREWAVE
C:\Users\Landon\Documents\audioSyntheticWav\TriangleWave.pure.37.78Hz.wav,29,TRIANGLEWAVE
C:\Users\Landon\Documents\audioSyntheticWav\SineWave.pure.1174.5443Hz.wav,25,SINEWAVE
C:\Users\Landon\Documents\audioSyntheticWav\SineWave.pure.87.2985Hz.wav,25,SINEWAVE
C:\Users\Landon\Documents\audioSyntheticWav\SineWave.pure.1759.828Hz.wav,25,SINEWAVE
C:\Users\Landon\Documents\audioSyntheticWav\TriangleWave.pure.285.2768Hz.wav,29,TRIANGLEWAVE
C:\Users\Landon\Documents\audioSyntheticWav\SquareWave.pure.40.0266Hz.wav,27,SQUAREWAVE
C:\Users\Landon\Documents\audioSyntheticWav\TriangleWave.pure.119.9441Hz.wav,29,TRIANGLEWAVE
C:\Users\Landon\Documents\audioSyntheticWav\SquareWave.pure.1357.0129Hz.wav,27,SQUAREWAVE
C:\Users\Landon\Documents\audioSyntheticWav\TriangleWave.pure.103.816Hz.wav,29,TRIANGLEWAVE
C:\Users\Landon\Documents\audioSyntheticWav\SquareWave.pure.3227.5388Hz.wav,27,SQUAREWAVE
C:\Users\Landon\Documents\audioSyntheticWav\SquareWave.pure.134.6327Hz.wav,27,SQUAREWAVE
C:\Users\Landon\Documents\audioSyntheticWav\SawtoothWave.pure.302.2403Hz.wav,23,SAWTOOTHWAVE
C:\Users\Landon\Documents\audioSyntheticWav\SineWave.pure.69.2889Hz.wav,25,SINEWAVE
C:\Users\Landon\Documents\audioSyntheticWav\SineWave.pure.23.1224Hz.wav,25,SINEWAVE
C:\Users\Landon\Documents\audioSyntheticWav\TriangleWave.pure.56.6061Hz.wav,29,TRIANGLEWAVE
C:\Users\Landon\Documents\audioSyntheticWav\SawtoothWave.pure.854.8646Hz.wav,23,SAWTOOTHWAVE
C:\Users\Landon\Documents\audioSyntheticWav\SquareWave.pure.1709.7291Hz.wav,27,SQUAREWAVE
C:\Users\Landon\Documents\audioSyntheticWav\SineWave.pure.285.2768Hz.wav,25,SINEWAVE
C:\Users\Landon\Documents\audioSyntheticWav\SineWave.pure.75.5601Hz.wav,25,SINEWAVE
C:\Users\Landon\Documents\audioSyntheticWav\SawtoothWave.pure.18.89Hz.wav,23,SAWTOOTHWAVE
C:\Users\Landon\Documents\audioSyntheticWav\TriangleWave.pure.59.9721Hz.wav,29,TRIANGLEWAVE
C:\Users\Landon\Documents\audioSyntheticWav\SineWave.pure.1016.611Hz.wav,25,SINEWAVE
C:\Users\Landon\Documents\audioSyntheticWav\SquareWave.pure.17.3222Hz.wav,27,SQUAREWAVE
C:\Users\Landon\Documents\audioSyntheticWav\SawtoothWave.pure.1919.1061Hz.wav,23,SAWTOOTHWAVE
C:\Users\Landon\Documents\audioSyntheticWav\SawtoothWave.pure.1661.0565Hz.wav,23,SAWTOOTHWAVE
C:\Users\Landon\Documents\audioSyntheticWav\SquareWave.pure.570.5536Hz.wav,27,SQUAREWAVE
C:\Users\Landon\Documents\audioSyntheticWav\TriangleWave.pure.164.7977Hz.wav,29,TRIANGLEWAVE
C:\Users\Landon\Documents\audioSyntheticWav\SineWave.pure.67.3164Hz.wav,25,SINEWAVE
C:\Users\Landon\Documents\audioSyntheticWav\TriangleWave.pure.95.1997Hz.wav,29,TRIANGLEWAVE
C:\Users\Landon\Documents\audioSyntheticWav\SawtoothWave.pure.739.9165Hz.wav,23,SAWTOOTHWAVE
C:\Users\Landon\Documents\audioSyntheticWav\SawtoothWave.pure.3950.6803Hz.wav,23,SAWTOOTHWAVE
C:\Users\Landon\Documents\audioSyntheticWav\TriangleWave.pure.36.7045Hz.wav,29,TRIANGLEWAVE
C:\Users\Landon\Documents\audioSyntheticWav\SineWave.pure.51.908Hz.wav,25,SINEWAVE
C:\Users\Landon\Documents\audioSyntheticWav\TriangleWave.pure.554.3111Hz.wav,29,TRIANGLEWAVE
C:\Users\Landon\Documents\audioSyntheticWav\SawtoothWave.pure.59.9721Hz.wav,23,SAWTOOTHWAVE
C:\Users\Landon\Documents\audioSyntheticWav\SquareWave.pure.219.9785Hz.wav,27,SQUAREWAVE
C:\Users\Landon\Documents\audioSyntheticWav\TriangleWave.pure.174.5971Hz.wav,29,TRIANGLEWAVE
C:\Users\Landon\Documents\audioSyntheticWav\SineWave.pure.2488.7727Hz.wav,25,SINEWAVE
C:\Users\Landon\Documents\audioSyntheticWav\SquareWave.pure.151.1201Hz.wav,27,SQUAREWAVE
C:\Users\Landon\Documents\audioSyntheticWav\SineWave.pure.369.9583Hz.wav,25,SINEWAVE
C:\Users\Landon\Documents\audioSyntheticWav\SineWave.pure.54.9946Hz.wav,25,SINEWAVE
C:\Users\Landon\Documents\audioSyntheticWav\SawtoothWave.pure.31.7691Hz.wav,23,SAWTOOTHWAVE
C:\Users\Landon\Documents\audioSyntheticWav\TriangleWave.pure.523.2Hz.wav,29,TRIANGLEWAVE
C:\Users\Landon\Documents\audioSyntheticWav\SawtoothWave.pure.2417.9221Hz.wav,23,SAWTOOTHWAVE
C:\Users\Landon\Documents\audioSyntheticWav\SquareWave.pure.415.2641Hz.wav,27,SQUAREWAVE
C:\Users\Landon\Documents\audioSyntheticWav\SawtoothWave.pure.3838.2121Hz.wav,23,SAWTOOTHWAVE
C:\Users\Landon\Documents\audioSyntheticWav\TriangleWave.pure.97.9893Hz.wav,29,TRIANGLEWAVE
C:\Users\Landon\Documents\audioSyntheticWav\TriangleWave.pure.4564.4292Hz.wav,29,TRIANGLEWAVE
C:\Users\Landon\Documents\audioSyntheticWav\TriangleWave.pure.570.5536Hz.wav,29,TRIANGLEWAVE
C:\Users\Landon\Documents\audioSyntheticWav\SquareWave.pure.403.4424Hz.wav,27,SQUAREWAVE
C:\Users\Landon\Documents\audioSyntheticWav\TriangleWave.pure.1108.6222Hz.wav,29,TRIANGLEWAVE
C:\Users\Landon\Documents\audioSyntheticWav\SquareWave.pure.1244.3863Hz.wav,27,SQUAREWAVE
C:\Users\Landon\Documents\audioSyntheticWav\SawtoothWave.pure.587.2721Hz.wav,23,SAWTOOTHWAVE
C:\Users\Landon\Documents\audioSyntheticWav\SineWave.pure.269.2655Hz.wav,25,SINEWAVE
C:\Users\Landon\Documents\audioSyntheticWav\SineWave.pure.261.6Hz.wav,25,SINEWAVE
C:\Users\Landon\Documents\audioSyntheticWav\TriangleWave.pure.678.5065Hz.wav,29,TRIANGLEWAVE
C:\Users\Landon\Documents\audioSyntheticWav\SquareWave.pure.184.9791Hz.wav,27,SQUAREWAVE
C:\Users\Landon\Documents\audioSyntheticWav\SquareWave.pure.138.5778Hz.wav,27,SQUAREWAVE
C:\Users\Landon\Documents\audioSyntheticWav\SineWave.pure.3419.4583Hz.wav,25,SINEWAVE
C:\Users\Landon\Documents\audioSyntheticWav\SquareWave.pure.20.0133Hz.wav,27,SQUAREWAVE
C:\Users\Landon\Documents\audioSyntheticWav\SineWave.pure.587.2721Hz.wav,25,SINEWAVE
C:\Users\Landon\Documents\audioSyntheticWav\SquareWave.pure.261.6Hz.wav,27,SQUAREWAVE
C:\Users\Landon\Documents\audioSyntheticWav\SawtoothWave.pure.2282.2146Hz.wav,23,SAWTOOTHWAVE
C:\Users\Landon\Documents\audioSyntheticWav\SawtoothWave.pure.43.6493Hz.wav,23,SAWTOOTHWAVE
C:\Users\Landon\Documents\audioSyntheticWav\TriangleWave.pure.19.4435Hz.wav,29,TRIANGLEWAVE
C:\Users\Landon\Documents\audioSyntheticWav\SquareWave.pure.27.4973Hz.wav,27,SQUAREWAVE
C:\Users\Landon\Documents\audioSyntheticWav\SineWave.pure.138.5778Hz.wav,25,SINEWAVE
C:\Users\Landon\Documents\audioSyntheticWav\SineWave.pure.4835.8442Hz.wav,25,SINEWAVE
C:\Users\Landon\Documents\audioSyntheticWav\SineWave.pure.640.4248Hz.wav,25,SINEWAVE
C:\Users\Landon\Documents\audioSyntheticWav\SquareWave.pure.17.8298Hz.wav,27,SQUAREWAVE
C:\Users\Landon\Documents\audioSyntheticWav\SquareWave.pure.179.7131Hz.wav,27,SQUAREWAVE
C:\Users\Landon\Documents\audioSyntheticWav\TriangleWave.pure.195.9786Hz.wav,29,TRIANGLEWAVE
C:\Users\Landon\Documents\audioSyntheticWav\TriangleWave.pure.25.2151Hz.wav,29,TRIANGLEWAVE
C:\Users\Landon\Documents\audioSyntheticWav\SquareWave.pure.320.2124Hz.wav,27,SQUAREWAVE
C:\Users\Landon\Documents\audioSyntheticWav\SquareWave.pure.1396.7764Hz.wav,27,SQUAREWAVE
C:\Users\Landon\Documents\audioSyntheticWav\SineWave.pure.415.2641Hz.wav,25,SINEWAVE
C:\Users\Landon\Documents\audioSyntheticWav\SineWave.pure.3519.656Hz.wav,25,SINEWAVE
C:\Users\Landon\Documents\audioSyntheticWav\SquareWave.pure.97.9893Hz.wav,27,SQUAREWAVE
C:\Users\Landon\Documents\audioSyntheticWav\SineWave.pure.63.5382Hz.wav,25,SINEWAVE
C:\Users\Landon\Documents\audioSyntheticWav\SquareWave.pure.127.0764Hz.wav,27,SQUAREWAVE
C:\Users\Landon\Documents\audioSyntheticWav\SquareWave.pure.26.7145Hz.wav,27,SQUAREWAVE
C:\Users\Landon\Documents\audioSyntheticWav\SawtoothWave.pure.285.2768Hz.wav,23,SAWTOOTHWAVE
C:\Users\Landon\Documents\audioSyntheticWav\TriangleWave.pure.219.9785Hz.wav,29,TRIANGLEWAVE
C:\Users\Landon\Documents\audioSyntheticWav\SineWave.pure.1280.8496Hz.wav,25,SINEWAVE
C:\Users\Landon\Documents\audioSyntheticWav\SquareWave.pure.932.2364Hz.wav,27,SQUAREWAVE
C:\Users\Landon\Documents\audioSyntheticWav\SineWave.pure.95.1997Hz.wav,25,SINEWAVE
C:\Users\Landon\Documents\audioSyntheticWav\SquareWave.pure.33.6582Hz.wav,27,SQUAREWAVE
C:\Users\Landon\Documents\audioSyntheticWav\SquareWave.pure.77.7741Hz.wav,27,SQUAREWAVE
C:\Users\Landon\Documents\audioSyntheticWav\SineWave.pure.806.8847Hz.wav,25,SINEWAVE
C:\Users\Landon\Documents\audioSyntheticWav\SawtoothWave.pure.1975.3402Hz.wav,23,SAWTOOTHWAVE
C:\Users\Landon\Documents\audioSyntheticWav\TriangleWave.pure.69.2889Hz.wav,29,TRIANGLEWAVE
C:\Users\Landon\Documents\audioSyntheticWav\TriangleWave.pure.50.4303Hz.wav,29,TRIANGLEWAVE
C:\Users\Landon\Documents\audioSyntheticWav\TriangleWave.pure.1280.8496Hz.wav,29,TRIANGLEWAVE
C:\Users\Landon\Documents\audioSyntheticWav\TriangleWave.pure.3950.6803Hz.wav,29,TRIANGLEWAVE
C:\Users\Landon\Documents\audioSyntheticWav\TriangleWave.pure.493.835Hz.wav,29,TRIANGLEWAVE
C:\Users\Landon\Documents\audioSyntheticWav\TriangleWave.pure.73.409Hz.wav,29,TRIANGLEWAVE
C:\Users\Landon\Documents\audioSyntheticWav\TriangleWave.pure.33.6582Hz.wav,29,TRIANGLEWAVE
C:\Users\Landon\Documents\audioSyntheticWav\SawtoothWave.pure.761.5977Hz.wav,23,SAWTOOTHWAVE
C:\Users\Landon\Documents\audioSyntheticWav\SquareWave.pure.4066.4441Hz.wav,27,SQUAREWAVE
C:\Users\Landon\Documents\audioSyntheticWav\TriangleWave.pure.184.9791Hz.wav,29,TRIANGLEWAVE
C:\Users\Landon\Documents\audioSyntheticWav\TriangleWave.pure.806.8847Hz.wav,29,TRIANGLEWAVE
C:\Users\Landon\Documents\audioSyntheticWav\SquareWave.pure.3838.2121Hz.wav,27,SQUAREWAVE
C:\Users\Landon\Documents\audioSyntheticWav\SquareWave.pure.466.1182Hz.wav,27,SQUAREWAVE
C:\Users\Landon\Documents\audioSyntheticWav\SineWave.pure.1396.7764Hz.wav,25,SINEWAVE
C:\Users\Landon\Documents\audioSyntheticWav\SawtoothWave.pure.47.5999Hz.wav,23,SAWTOOTHWAVE
C:\Users\Landon\Documents\audioSyntheticWav\SquareWave.pure.169.6266Hz.wav,27,SQUAREWAVE
C:\Users\Landon\Documents\audioSyntheticWav\TriangleWave.pure.329.5953Hz.wav,29,TRIANGLEWAVE
C:\Users\Landon\Documents\audioSyntheticWav\SawtoothWave.pure.905.6975Hz.wav,23,SAWTOOTHWAVE
C:\Users\Landon\Documents\audioSyntheticWav\TriangleWave.pure.1077.0619Hz.wav,29,TRIANGLEWAVE
C:\Users\Landon\Documents\audioSyntheticWav\SawtoothWave.pure.179.7131Hz.wav,23,SAWTOOTHWAVE
C:\Users\Landon\Documents\audioSyntheticWav\SawtoothWave.pure.54.9946Hz.wav,23,SAWTOOTHWAVE
C:\Users\Landon\Documents\audioSyntheticWav\TriangleWave.pure.47.5999Hz.wav,29,TRIANGLEWAVE
C:\Users\Landon\Documents\audioSyntheticWav\TriangleWave.pure.761.5977Hz.wav,29,TRIANGLEWAVE
C:\Users\Landon\Documents\audioSyntheticWav\SquareWave.pure.1437.7051Hz.wav,27,SQUAREWAVE
C:\Users\Landon\Documents\audioSyntheticWav\TriangleWave.pure.109.9893Hz.wav,29,TRIANGLEWAVE
C:\Users\Landon\Documents\audioSyntheticWav\TriangleWave.pure.739.9165Hz.wav,29,TRIANGLEWAVE
C:\Users\Landon\Documents\audioSyntheticWav\SquareWave.pure.24.4973Hz.wav,27,SQUAREWAVE
C:\Users\Landon\Documents\audioSyntheticWav\SquareWave.pure.69.2889Hz.wav,27,SQUAREWAVE
C:\Users\Landon\Documents\audioSyntheticWav\SquareWave.pure.16.8291Hz.wav,27,SQUAREWAVE
C:\Users\Landon\Documents\audioSyntheticWav\SquareWave.pure.19.4435Hz.wav,27,SQUAREWAVE
C:\Users\Landon\Documents\audioSyntheticWav\TriangleWave.pure.622.1932Hz.wav,29,TRIANGLEWAVE
C:\Users\Landon\Documents\audioSyntheticWav\SineWave.pure.37.78Hz.wav,25,SINEWAVE
C:\Users\Landon\Documents\audioSyntheticWav\SineWave.pure.207.6321Hz.wav,25,SINEWAVE
C:\Users\Landon\Documents\audioSyntheticWav\SawtoothWave.pure.4066.4441Hz.wav,23,SAWTOOTHWAVE
C:\Users\Landon\Documents\audioSyntheticWav\TriangleWave.pure.4698.1771Hz.wav,29,TRIANGLEWAVE
C:\Users\Landon\Documents\audioSyntheticWav\TriangleWave.pure.65.4Hz.wav,29,TRIANGLEWAVE
C:\Users\Landon\Documents\audioSyntheticWav\SquareWave.pure.1108.6222Hz.wav,27,SQUAREWAVE
C:\Users\Landon\Documents\audioSyntheticWav\SquareWave.pure.269.2655Hz.wav,27,SQUAREWAVE
C:\Users\Landon\Documents\audioSyntheticWav\SquareWave.pure.4698.1771Hz.wav,27,SQUAREWAVE
C:\Users\Landon\Documents\audioSyntheticWav\TriangleWave.pure.2282.2146Hz.wav,29,TRIANGLEWAVE
C:\Users\Landon\Documents\audioSyntheticWav\SawtoothWave.pure.1396.7764Hz.wav,23,SAWTOOTHWAVE
C:\Users\Landon\Documents\audioSyntheticWav\SawtoothWave.pure.155.5483Hz.wav,23,SAWTOOTHWAVE
C:\Users\Landon\Documents\audioSyntheticWav\SawtoothWave.pure.1811.3949Hz.wav,23,SAWTOOTHWAVE
C:\Users\Landon\Documents\audioSyntheticWav\SawtoothWave.pure.29.1324Hz.wav,23,SAWTOOTHWAVE
C:\Users\Landon\Documents\audioSyntheticWav\SineWave.pure.184.9791Hz.wav,25,SINEWAVE
C:\Users\Landon\Documents\audioSyntheticWav\TriangleWave.pure.932.2364Hz.wav,29,TRIANGLEWAVE
C:\Users\Landon\Documents\audioSyntheticWav\TriangleWave.pure.44.9283Hz.wav,29,TRIANGLEWAVE
C:\Users\Landon\Documents\audioSyntheticWav\TriangleWave.pure.23.7999Hz.wav,29,TRIANGLEWAVE
C:\Users\Landon\Documents\audioSyntheticWav\TriangleWave.pure.349.1941Hz.wav,29,TRIANGLEWAVE
C:\Users\Landon\Documents\audioSyntheticWav\SawtoothWave.pure.58.2648Hz.wav,23,SAWTOOTHWAVE
C:\Users\Landon\Documents\audioSyntheticWav\TriangleWave.pure.38.8871Hz.wav,29,TRIANGLEWAVE
C:\Users\Landon\Documents\audioSyntheticWav\SineWave.pure.391.9571Hz.wav,25,SINEWAVE
C:\Users\Landon\Documents\audioSyntheticWav\SineWave.pure.523.2Hz.wav,25,SINEWAVE
C:\Users\Landon\Documents\audioSyntheticWav\SquareWave.pure.439.957Hz.wav,27,SQUAREWAVE
C:\Users\Landon\Documents\audioSyntheticWav\SineWave.pure.987.6701Hz.wav,25,SINEWAVE
C:\Users\Landon\Documents\audioSyntheticWav\TriangleWave.pure.1016.611Hz.wav,29,TRIANGLEWAVE
C:\Users\Landon\Documents\audioSyntheticWav\SawtoothWave.pure.2636.7628Hz.wav,23,SAWTOOTHWAVE
C:\Users\Landon\Documents\audioSyntheticWav\SineWave.pure.622.1932Hz.wav,25,SINEWAVE
C:\Users\Landon\Documents\audioSyntheticWav\SquareWave.pure.84.8133Hz.wav,27,SQUAREWAVE
C:\Users\Landon\Documents\audioSyntheticWav\SawtoothWave.pure.184.9791Hz.wav,23,SAWTOOTHWAVE
C:\Users\Landon\Documents\audioSyntheticWav\TriangleWave.pure.146.818Hz.wav,29,TRIANGLEWAVE
C:\Users\Landon\Documents\audioSyntheticWav\SineWave.pure.26.7145Hz.wav,25,SINEWAVE
C:\Users\Landon\Documents\audioSyntheticWav\SquareWave.pure.285.2768Hz.wav,27,SQUAREWAVE
C:\Users\Landon\Documents\audioSyntheticWav\SineWave.pure.179.7131Hz.wav,25,SINEWAVE
C:\Users\Landon\Documents\audioSyntheticWav\SawtoothWave.pure.554.3111Hz.wav,23,SAWTOOTHWAVE
C:\Users\Landon\Documents\audioSyntheticWav\SineWave.pure.160.1062Hz.wav,25,SINEWAVE
C:\Users\Landon\Documents\audioSyntheticWav\SineWave.pure.58.2648Hz.wav,25,SINEWAVE
C:\Users\Landon\Documents\audioSyntheticWav\SawtoothWave.pure.1174.5443Hz.wav,23,SAWTOOTHWAVE
C:\Users\Landon\Documents\audioSyntheticWav\SawtoothWave.pure.1709.7291Hz.wav,23,SAWTOOTHWAVE
C:\Users\Landon\Documents\audioSyntheticWav\SquareWave.pure.51.908Hz.wav,27,SQUAREWAVE
C:\Users\Landon\Documents\audioSyntheticWav\SquareWave.pure.48.9946Hz.wav,27,SQUAREWAVE
C:\Users\Landon\Documents\audioSyntheticWav\SineWave.pure.169.6266Hz.wav,25,SINEWAVE
C:\Users\Landon\Documents\audioSyntheticWav\SawtoothWave.pure.3135.6571Hz.wav,23,SAWTOOTHWAVE
C:\Users\Landon\Documents\audioSyntheticWav\SawtoothWave.pure.1357.0129Hz.wav,23,SAWTOOTHWAVE
C:\Users\Landon\Documents\audioSyntheticWav\SawtoothWave.pure.67.3164Hz.wav,23,SAWTOOTHWAVE
C:\Users\Landon\Documents\audioSyntheticWav\SineWave.pure.106.8581Hz.wav,25,SINEWAVE
C:\Users\Landon\Documents\audioSyntheticWav\SawtoothWave.pure.35.6596Hz.wav,23,SAWTOOTHWAVE
C:\Users\Landon\Documents\audioSyntheticWav\TriangleWave.pure.61.7294Hz.wav,29,TRIANGLEWAVE
C:\Users\Landon\Documents\audioSyntheticWav\SawtoothWave.pure.69.2889Hz.wav,23,SAWTOOTHWAVE
C:\Users\Landon\Documents\audioSyntheticWav\TriangleWave.pure.226.4244Hz.wav,29,TRIANGLEWAVE
C:\Users\Landon\Documents\audioSyntheticWav\SquareWave.pure.349.1941Hz.wav,27,SQUAREWAVE
C:\Users\Landon\Documents\audioSyntheticWav\SineWave.pure.164.7977Hz.wav,25,SINEWAVE
C:\Users\Landon\Documents\audioSyntheticWav\TriangleWave.pure.1919.1061Hz.wav,29,TRIANGLEWAVE
C:\Users\Landon\Documents\audioSyntheticWav\SquareWave.pure.587.2721Hz.wav,27,SQUAREWAVE
C:\Users\Landon\Documents\audioSyntheticWav\TriangleWave.pure.239.8883Hz.wav,29,TRIANGLEWAVE
C:\Users\Landon\Documents\audioSyntheticWav\SineWave.pure.174.5971Hz.wav,25,SINEWAVE
C:\Users\Landon\Documents\audioSyntheticWav\SawtoothWave.pure.570.5536Hz.wav,23,SAWTOOTHWAVE
C:\Users\Landon\Documents\audioSyntheticWav\SineWave.pure.293.6361Hz.wav,25,SINEWAVE
C:\Users\Landon\Documents\audioSyntheticWav\SawtoothWave.pure.293.6361Hz.wav,23,SAWTOOTHWAVE
C:\Users\Landon\Documents\audioSyntheticWav\SawtoothWave.pure.4977.5453Hz.wav,23,SAWTOOTHWAVE
C:\Users\Landon\Documents\audioSyntheticWav\SawtoothWave.pure.1437.7051Hz.wav,23,SAWTOOTHWAVE
C:\Users\Landon\Documents\audioSyntheticWav\TriangleWave.pure.138.5778Hz.wav,29,TRIANGLEWAVE
C:\Users\Landon\Documents\audioSyntheticWav\SawtoothWave.pure.254.1528Hz.wav,23,SAWTOOTHWAVE
C:\Users\Landon\Documents\audioSyntheticWav\SquareWave.pure.21.8246Hz.wav,27,SQUAREWAVE
C:\Users\Landon\Documents\audioSyntheticWav\TriangleWave.pure.155.5483Hz.wav,29,TRIANGLEWAVE
C:\Users\Landon\Documents\audioSyntheticWav\SawtoothWave.pure.48.9946Hz.wav,23,SAWTOOTHWAVE
C:\Users\Landon\Documents\audioSyntheticWav\SineWave.pure.1975.3402Hz.wav,25,SINEWAVE
C:\Users\Landon\Documents\audioSyntheticWav\TriangleWave.pure.1479.8331Hz.wav,29,TRIANGLEWAVE
C:\Users\Landon\Documents\audioSyntheticWav\SawtoothWave.pure.3728.9457Hz.wav,23,SAWTOOTHWAVE
C:\Users\Landon\Documents\audioSyntheticWav\SineWave.pure.151.1201Hz.wav,25,SINEWAVE
C:\Users\Landon\Documents\audioSyntheticWav\TriangleWave.pure.403.4424Hz.wav,29,TRIANGLEWAVE
C:\Users\Landon\Documents\audioSyntheticWav\TriangleWave.pure.201.7212Hz.wav,29,TRIANGLEWAVE
C:\Users\Landon\Documents\audioSyntheticWav\SineWave.pure.1108.6222Hz.wav,25,SINEWAVE
C:\Users\Landon\Documents\audioSyntheticWav\SineWave.pure.127.0764Hz.wav,25,SINEWAVE
C:\Users\Landon\Documents\audioSyntheticWav\TriangleWave.pure.1523.1955Hz.wav,29,TRIANGLEWAVE
C:\Users\Landon\Documents\audioSyntheticWav\SineWave.pure.56.6061Hz.wav,25,SINEWAVE
C:\Users\Landon\Documents\audioSyntheticWav\SawtoothWave.pure.4308.2474Hz.wav,23,SAWTOOTHWAVE
C:\Users\Landon\Documents\audioSyntheticWav\TriangleWave.pure.359.4263Hz.wav,29,TRIANGLEWAVE
C:\Users\Landon\Documents\audioSyntheticWav\SquareWave.pure.4564.4292Hz.wav,27,SQUAREWAVE
C:\Users\Landon\Documents\audioSyntheticWav\SquareWave.pure.18.89Hz.wav,27,SQUAREWAVE
C:\Users\Landon\Documents\audioSyntheticWav\TriangleWave.pure.2636.7628Hz.wav,29,TRIANGLEWAVE
C:\Users\Landon\Documents\audioSyntheticWav\SquareWave.pure.2636.7628Hz.wav,27,SQUAREWAVE
C:\Users\Landon\Documents\audioSyntheticWav\SineWave.pure.100.8606Hz.wav,25,SINEWAVE
C:\Users\Landon\Documents\audioSyntheticWav\SquareWave.pure.1864.4728Hz.wav,27,SQUAREWAVE
C:\Users\Landon\Documents\audioSyntheticWav\SineWave.pure.905.6975Hz.wav,25,SINEWAVE
C:\Users\Landon\Documents\audioSyntheticWav\SquareWave.pure.2349.0886Hz.wav,27,SQUAREWAVE
C:\Users\Landon\Documents\audioSyntheticWav\TriangleWave.pure.25.954Hz.wav,29,TRIANGLEWAVE
C:\Users\Landon\Documents\audioSyntheticWav\SineWave.pure.84.8133Hz.wav,25,SINEWAVE
C:\Users\Landon\Documents\audioSyntheticWav\TriangleWave.pure.21.2033Hz.wav,29,TRIANGLEWAVE
C:\Users\Landon\Documents\audioSyntheticWav\SineWave.pure.2793.5528Hz.wav,25,SINEWAVE
C:\Users\Landon\Documents\audioSyntheticWav\SquareWave.pure.493.835Hz.wav,27,SQUAREWAVE
C:\Users\Landon\Documents\audioSyntheticWav\TriangleWave.pure.17.3222Hz.wav,29,TRIANGLEWAVE
C:\Users\Landon\Documents\audioSyntheticWav\SineWave.pure.22.4641Hz.wav,25,SINEWAVE
C:\Users\Landon\Documents\audioSyntheticWav\SineWave.pure.1919.1061Hz.wav,25,SINEWAVE
C:\Users\Landon\Documents\audioSyntheticWav\SineWave.pure.73.409Hz.wav,25,SINEWAVE
C:\Users\Landon\Documents\audioSyntheticWav\SawtoothWave.pure.116.5296Hz.wav,23,SAWTOOTHWAVE
C:\Users\Landon\Documents\audioSyntheticWav\SineWave.pure.30.8647Hz.wav,25,SINEWAVE
C:\Users\Landon\Documents\audioSyntheticWav\SineWave.pure.2154.1237Hz.wav,25,SINEWAVE
C:\Users\Landon\Documents\audioSyntheticWav\SawtoothWave.pure.207.6321Hz.wav,23,SAWTOOTHWAVE
C:\Users\Landon\Documents\audioSyntheticWav\TriangleWave.pure.190.3994Hz.wav,29,TRIANGLEWAVE
C:\Users\Landon\Documents\audioSyntheticWav\SquareWave.pure.37.78Hz.wav,27,SQUAREWAVE
C:\Users\Landon\Documents\audioSyntheticWav\SquareWave.pure.1077.0619Hz.wav,27,SQUAREWAVE
C:\Users\Landon\Documents\audioSyntheticWav\SineWave.pure.21.2033Hz.wav,25,SINEWAVE
C:\Users\Landon\Documents\audioSyntheticWav\SineWave.pure.77.7741Hz.wav,25,SINEWAVE
C:\Users\Landon\Documents\audioSyntheticWav\SquareWave.pure.25.2151Hz.wav,27,SQUAREWAVE
C:\Users\Landon\Documents\audioSyntheticWav\SawtoothWave.pure.640.4248Hz.wav,23,SAWTOOTHWAVE
C:\Users\Landon\Documents\audioSyntheticWav\TriangleWave.pure.369.9583Hz.wav,29,TRIANGLEWAVE
C:\Users\Landon\Documents\audioSyntheticWav\TriangleWave.pure.34.6444Hz.wav,29,TRIANGLEWAVE
C:\Users\Landon\Documents\audioSyntheticWav\SawtoothWave.pure.1613.7694Hz.wav,23,SAWTOOTHWAVE
C:\Users\Landon\Documents\audioSyntheticWav\SawtoothWave.pure.61.7294Hz.wav,23,SAWTOOTHWAVE
C:\Users\Landon\Documents\audioSyntheticWav\SineWave.pure.2349.0886Hz.wav,25,SINEWAVE
C:\Users\Landon\Documents\audioSyntheticWav\SineWave.pure.44.9283Hz.wav,25,SINEWAVE
C:\Users\Landon\Documents\audioSyntheticWav\TriangleWave.pure.40.0266Hz.wav,29,TRIANGLEWAVE
C:\Users\Landon\Documents\audioSyntheticWav\SquareWave.pure.146.818Hz.wav,27,SQUAREWAVE
C:\Users\Landon\Documents\audioSyntheticWav\SineWave.pure.403.4424Hz.wav,25,SINEWAVE
C:\Users\Landon\Documents\audioSyntheticWav\SquareWave.pure.1016.611Hz.wav,27,SQUAREWAVE
C:\Users\Landon\Documents\audioSyntheticWav\SawtoothWave.pure.659.1907Hz.wav,23,SAWTOOTHWAVE
C:\Users\Landon\Documents\audioSyntheticWav\SawtoothWave.pure.18.3523Hz.wav,23,SAWTOOTHWAVE
C:\Users\Landon\Documents\audioSyntheticWav\SquareWave.pure.329.5953Hz.wav,27,SQUAREWAVE
C:\Users\Landon\Documents\audioSyntheticWav\TriangleWave.pure.277.1555Hz.wav,29,TRIANGLEWAVE
C:\Users\Landon\Documents\audioSyntheticWav\SquareWave.pure.25.954Hz.wav,27,SQUAREWAVE
C:\Users\Landon\Documents\audioSyntheticWav\SquareWave.pure.538.5309Hz.wav,27,SQUAREWAVE
C:\Users\Landon\Documents\audioSyntheticWav\SquareWave.pure.18.3523Hz.wav,27,SQUAREWAVE
C:\Users\Landon\Documents\audioSyntheticWav\SquareWave.pure.226.4244Hz.wav,27,SQUAREWAVE
C:\Users\Landon\Documents\audioSyntheticWav\SineWave.pure.32.7Hz.wav,25,SINEWAVE
C:\Users\Landon\Documents\audioSyntheticWav\SawtoothWave.pure.36.7045Hz.wav,23,SAWTOOTHWAVE
C:\Users\Landon\Documents\audioSyntheticWav\SawtoothWave.pure.226.4244Hz.wav,23,SAWTOOTHWAVE
C:\Users\Landon\Documents\audioSyntheticWav\SineWave.pure.226.4244Hz.wav,25,SINEWAVE
C:\Users\Landon\Documents\audioSyntheticWav\SawtoothWave.pure.142.6384Hz.wav,23,SAWTOOTHWAVE
C:\Users\Landon\Documents\audioSyntheticWav\TriangleWave.pure.16.8291Hz.wav,29,TRIANGLEWAVE
C:\Users\Landon\Documents\audioSyntheticWav\SquareWave.pure.61.7294Hz.wav,27,SQUAREWAVE
C:\Users\Landon\Documents\audioSyntheticWav\SawtoothWave.pure.4434.4887Hz.wav,23,SAWTOOTHWAVE
C:\Users\Landon\Documents\audioSyntheticWav\SawtoothWave.pure.3519.656Hz.wav,23,SAWTOOTHWAVE
C:\Users\Landon\Documents\audioSyntheticWav\TriangleWave.pure.587.2721Hz.wav,29,TRIANGLEWAVE
C:\Users\Landon\Documents\audioSyntheticWav\SineWave.pure.219.9785Hz.wav,25,SINEWAVE
C:\Users\Landon\Documents\audioSyntheticWav\SineWave.pure.23.7999Hz.wav,25,SINEWAVE
C:\Users\Landon\Documents\audioSyntheticWav\TriangleWave.pure.169.6266Hz.wav,29,TRIANGLEWAVE
C:\Users\Landon\Documents\audioSyntheticWav\TriangleWave.pure.4308.2474Hz.wav,29,TRIANGLEWAVE
C:\Users\Landon\Documents\audioSyntheticWav\TriangleWave.pure.3227.5388Hz.wav,29,TRIANGLEWAVE
C:\Users\Landon\Documents\audioSyntheticWav\SquareWave.pure.339.2532Hz.wav,27,SQUAREWAVE
C:\Users\Landon\Documents\audioSyntheticWav\SquareWave.pure.50.4303Hz.wav,27,SQUAREWAVE
C:\Users\Landon\Documents\audioSyntheticWav\SquareWave.pure.905.6975Hz.wav,27,SQUAREWAVE
C:\Users\Landon\Documents\audioSyntheticWav\SquareWave.pure.879.914Hz.wav,27,SQUAREWAVE
C:\Users\Landon\Documents\audioSyntheticWav\SawtoothWave.pure.4835.8442Hz.wav,23,SAWTOOTHWAVE
C:\Users\Landon\Documents\audioSyntheticWav\SawtoothWave.pure.53.429Hz.wav,23,SAWTOOTHWAVE
C:\Users\Landon\Documents\audioSyntheticWav\SineWave.pure.1864.4728Hz.wav,25,SINEWAVE
C:\Users\Landon\Documents\audioSyntheticWav\SineWave.pure.61.7294Hz.wav,25,SINEWAVE
C:\Users\Landon\Documents\audioSyntheticWav\TriangleWave.pure.830.5282Hz.wav,29,TRIANGLEWAVE
C:\Users\Landon\Documents\audioSyntheticWav\SquareWave.pure.75.5601Hz.wav,27,SQUAREWAVE
C:\Users\Landon\Documents\audioSyntheticWav\SquareWave.pure.380.7989Hz.wav,27,SQUAREWAVE
C:\Users\Landon\Documents\audioSyntheticWav\SquareWave.pure.82.3988Hz.wav,27,SQUAREWAVE
C:\Users\Landon\Documents\audioSyntheticWav\SquareWave.pure.42.4067Hz.wav,27,SQUAREWAVE
C:\Users\Landon\Documents\audioSyntheticWav\SquareWave.pure.2959.6661Hz.wav,27,SQUAREWAVE
C:\Users\Landon\Documents\audioSyntheticWav\SquareWave.pure.2875.4102Hz.wav,27,SQUAREWAVE
C:\Users\Landon\Documents\audioSyntheticWav\SawtoothWave.pure.1141.1073Hz.wav,23,SAWTOOTHWAVE
C:\Users\Landon\Documents\audioSyntheticWav\TriangleWave.pure.113.2122Hz.wav,29,TRIANGLEWAVE
C:\Users\Landon\Documents\audioSyntheticWav\SawtoothWave.pure.452.8487Hz.wav,23,SAWTOOTHWAVE
C:\Users\Landon\Documents\audioSyntheticWav\TriangleWave.pure.51.908Hz.wav,29,TRIANGLEWAVE
C:\Users\Landon\Documents\audioSyntheticWav\SawtoothWave.pure.1567.8285Hz.wav,23,SAWTOOTHWAVE
C:\Users\Landon\Documents\audioSyntheticWav\SquareWave.pure.58.2648Hz.wav,27,SQUAREWAVE
C:\Users\Landon\Documents\audioSyntheticWav\SineWave.pure.201.7212Hz.wav,25,SINEWAVE
C:\Users\Landon\Documents\audioSyntheticWav\TriangleWave.pure.80.0531Hz.wav,29,TRIANGLEWAVE
C:\Users\Landon\Documents\audioSyntheticWav\SineWave.pure.1479.8331Hz.wav,25,SINEWAVE
C:\Users\Landon\Documents\audioSyntheticWav\SawtoothWave.pure.932.2364Hz.wav,23,SAWTOOTHWAVE
C:\Users\Landon\Documents\audioSyntheticWav\SawtoothWave.pure.622.1932Hz.wav,23,SAWTOOTHWAVE
C:\Users\Landon\Documents\audioSyntheticWav\TriangleWave.pure.718.8525Hz.wav,29,TRIANGLEWAVE
C:\Users\Landon\Documents\audioSyntheticWav\SawtoothWave.pure.21.8246Hz.wav,23,SAWTOOTHWAVE
C:\Users\Landon\Documents\audioSyntheticWav\TriangleWave.pure.427.4323Hz.wav,29,TRIANGLEWAVE
C:\Users\Landon\Documents\audioSyntheticWav\TriangleWave.pure.16.35Hz.wav,29,TRIANGLEWAVE
C:\Users\Landon\Documents\audioSyntheticWav\SawtoothWave.pure.604.4805Hz.wav,23,SAWTOOTHWAVE
C:\Users\Landon\Documents\audioSyntheticWav\TriangleWave.pure.22.4641Hz.wav,29,TRIANGLEWAVE
C:\Users\Landon\Documents\audioSyntheticWav\TriangleWave.pure.2793.5528Hz.wav,29,TRIANGLEWAVE
C:\Users\Landon\Documents\audioSyntheticWav\SawtoothWave.pure.73.409Hz.wav,23,SAWTOOTHWAVE
C:\Users\Landon\Documents\audioSyntheticWav\TriangleWave.pure.24.4973Hz.wav,29,TRIANGLEWAVE
C:\Users\Landon\Documents\audioSyntheticWav\SineWave.pure.1661.0565Hz.wav,25,SINEWAVE
C:\Users\Landon\Documents\audioSyntheticWav\SawtoothWave.pure.261.6Hz.wav,23,SAWTOOTHWAVE
C:\Users\Landon\Documents\audioSyntheticWav\SineWave.pure.2417.9221Hz.wav,25,SINEWAVE
C:\Users\Landon\Documents\audioSyntheticWav\TriangleWave.pure.179.7131Hz.wav,29,TRIANGLEWAVE
C:\Users\Landon\Documents\audioSyntheticWav\SawtoothWave.pure.3227.5388Hz.wav,23,SAWTOOTHWAVE
C:\Users\Landon\Documents\audioSyntheticWav\SawtoothWave.pure.439.957Hz.wav,23,SAWTOOTHWAVE
C:\Users\Landon\Documents\audioSyntheticWav\TriangleWave.pure.1437.7051Hz.wav,29,TRIANGLEWAVE
C:\Users\Landon\Documents\audioSyntheticWav\TriangleWave.pure.29.1324Hz.wav,29,TRIANGLEWAVE
C:\Users\Landon\Documents\audioSyntheticWav\SineWave.pure.761.5977Hz.wav,25,SINEWAVE
C:\Users\Landon\Documents\audioSyntheticWav\SquareWave.pure.1661.0565Hz.wav,27,SQUAREWAVE
C:\Users\Landon\Documents\audioSyntheticWav\TriangleWave.pure.127.0764Hz.wav,29,TRIANGLEWAVE
C:\Users\Landon\Documents\audioSyntheticWav\TriangleWave.pure.466.1182Hz.wav,29,TRIANGLEWAVE
C:\Users\Landon\Documents\audioSyntheticWav\SquareWave.pure.1811.3949Hz.wav,27,SQUAREWAVE
C:\Users\Landon\Documents\audioSyntheticWav\SawtoothWave.pure.1244.3863Hz.wav,23,SAWTOOTHWAVE
C:\Users\Landon\Documents\audioSyntheticWav\SineWave.pure.439.957Hz.wav,25,SINEWAVE
C:\Users\Landon\Documents\audioSyntheticWav\SawtoothWave.pure.38.8871Hz.wav,23,SAWTOOTHWAVE
C:\Users\Landon\Documents\audioSyntheticWav\SquareWave.pure.806.8847Hz.wav,27,SQUAREWAVE
C:\Users\Landon\Documents\audioSyntheticWav\TriangleWave.pure.311.0966Hz.wav,29,TRIANGLEWAVE
C:\Users\Landon\Documents\audioSyntheticWav\SquareWave.pure.640.4248Hz.wav,27,SQUAREWAVE
C:\Users\Landon\Documents\audioSyntheticWav\TriangleWave.pure.254.1528Hz.wav,29,TRIANGLEWAVE
C:\Users\Landon\Documents\audioSyntheticWav\SineWave.pure.123.4588Hz.wav,25,SINEWAVE
C:\Users\Landon\Documents\audioSyntheticWav\SawtoothWave.pure.123.4588Hz.wav,23,SAWTOOTHWAVE
C:\Users\Landon\Documents\audioSyntheticWav\SineWave.pure.25.2151Hz.wav,25,SINEWAVE
C:\Users\Landon\Documents\audioSyntheticWav\SawtoothWave.pure.201.7212Hz.wav,23,SAWTOOTHWAVE
C:\Users\Landon\Documents\audioSyntheticWav\TriangleWave.pure.160.1062Hz.wav,29,TRIANGLEWAVE
C:\Users\Landon\Documents\audioSyntheticWav\SineWave.pure.46.2448Hz.wav,25,SINEWAVE
C:\Users\Landon\Documents\audioSyntheticWav\SawtoothWave.pure.84.8133Hz.wav,23,SAWTOOTHWAVE
C:\Users\Landon\Documents\audioSyntheticWav\TriangleWave.pure.18.3523Hz.wav,29,TRIANGLEWAVE
C:\Users\Landon\Documents\audioSyntheticWav\SawtoothWave.pure.2793.5528Hz.wav,23,SAWTOOTHWAVE
C:\Users\Landon\Documents\audioSyntheticWav\TriangleWave.pure.2561.6993Hz.wav,29,TRIANGLEWAVE
C:\Users\Landon\Documents\audioSyntheticWav\SawtoothWave.pure.109.9893Hz.wav,23,SAWTOOTHWAVE
C:\Users\Landon\Documents\audioSyntheticWav\SquareWave.pure.119.9441Hz.wav,27,SQUAREWAVE
C:\Users\Landon\Documents\audioSyntheticWav\SawtoothWave.pure.63.5382Hz.wav,23,SAWTOOTHWAVE
C:\Users\Landon\Documents\audioSyntheticWav\SineWave.pure.479.7765Hz.wav,25,SINEWAVE
C:\Users\Landon\Documents\audioSyntheticWav\SineWave.pure.2959.6661Hz.wav,25,SINEWAVE
C:\Users\Landon\Documents\audioSyntheticWav\SquareWave.pure.92.4896Hz.wav,27,SQUAREWAVE
C:\Users\Landon\Documents\audioSyntheticWav\SquareWave.pure.4434.4887Hz.wav,27,SQUAREWAVE
C:\Users\Landon\Documents\audioSyntheticWav\TriangleWave.pure.391.9571Hz.wav,29,TRIANGLEWAVE
C:\Users\Landon\Documents\audioSyntheticWav\SawtoothWave.pure.2561.6993Hz.wav,23,SAWTOOTHWAVE
C:\Users\Landon\Documents\audioSyntheticWav\SawtoothWave.pure.269.2655Hz.wav,23,SAWTOOTHWAVE
C:\Users\Landon\Documents\audioSyntheticWav\SquareWave.pure.2714.0258Hz.wav,27,SQUAREWAVE
C:\Users\Landon\Documents\audioSyntheticWav\SquareWave.pure.761.5977Hz.wav,27,SQUAREWAVE
C:\Users\Landon\Documents\audioSyntheticWav\SineWave.pure.71.3192Hz.wav,25,SINEWAVE
C:\Users\Landon\Documents\audioSyntheticWav\SawtoothWave.pure.34.6444Hz.wav,23,SAWTOOTHWAVE
C:\Users\Landon\Documents\audioSyntheticWav\SawtoothWave.pure.51.908Hz.wav,23,SAWTOOTHWAVE
C:\Users\Landon\Documents\audioSyntheticWav\SawtoothWave.pure.195.9786Hz.wav,23,SAWTOOTHWAVE
C:\Users\Landon\Documents\audioSyntheticWav\TriangleWave.pure.246.9175Hz.wav,29,TRIANGLEWAVE
C:\Users\Landon\Documents\audioSyntheticWav\TriangleWave.pure.134.6327Hz.wav,29,TRIANGLEWAVE
C:\Users\Landon\Documents\audioSyntheticWav\TriangleWave.pure.77.7741Hz.wav,29,TRIANGLEWAVE
C:\Users\Landon\Documents\audioSyntheticWav\SquareWave.pure.21.2033Hz.wav,27,SQUAREWAVE
C:\Users\Landon\Documents\audioSyntheticWav\SawtoothWave.pure.29.986Hz.wav,23,SAWTOOTHWAVE
C:\Users\Landon\Documents\audioSyntheticWav\TriangleWave.pure.53.429Hz.wav,29,TRIANGLEWAVE
C:\Users\Landon\Documents\audioSyntheticWav\SawtoothWave.pure.17.3222Hz.wav,23,SAWTOOTHWAVE
C:\Users\Landon\Documents\audioSyntheticWav\SineWave.pure.3046.391Hz.wav,25,SINEWAVE
C:\Users\Landon\Documents\audioSyntheticWav\TriangleWave.pure.3322.1129Hz.wav,29,TRIANGLEWAVE
C:\Users\Landon\Documents\audioSyntheticWav\SquareWave.pure.554.3111Hz.wav,27,SQUAREWAVE
C:\Users\Landon\Documents\audioSyntheticWav\SineWave.pure.213.7161Hz.wav,25,SINEWAVE
C:\Users\Landon\Documents\audioSyntheticWav\SquareWave.pure.369.9583Hz.wav,27,SQUAREWAVE
