Filepath,Int Label,Str Label,Int Prediction,Str Prediction,Confidence
C:\Users\Landon\Documents\audioWAV1\AltoFlute.vib.A3.R.wav,0,ALTOFLUTE,5,BASSFLUTE,0.8971179
C:\Users\Landon\Documents\audioWAV1\Flute.nonvib.D4.L.wav,16,FLUTE,16,FLUTE,0.92476296
C:\Users\Landon\Documents\audioWAV1\BbClarinet.Ab5.L.wav,8,BBCLARINET,8,BBCLARINET,0.96180165
C:\Users\Landon\Documents\audioWAV1\Bass.arco.sulE.B1.R.wav,3,BASS,3,BASS,1.0
C:\Users\Landon\Documents\audioWAV1\Viola.arco.sulA.Eb5.R.wav,30,VIOLA,30,VIOLA,0.99713135
C:\Users\Landon\Documents\audioWAV1\BassClarinet.Gb2.L.wav,4,BASSCLARINET,4,BASSCLARINET,0.9311117
C:\Users\Landon\Documents\audioWAV1\TenorTrombone.Gb3.R.wav,25,TENORTROMBONE,25,TENORTROMBONE,0.93258804
C:\Users\Landon\Documents\audioWAV1\Xylophone.hardrubber.Db7.L.wav,32,XYLOPHONE,32,XYLOPHONE,0.9677634
C:\Users\Landon\Documents\audioWAV1\SopSax.nonvib.A5.R.wav,24,SOPSAX,24,SOPSAX,1.0
C:\Users\Landon\Documents\audioWAV1\Oboe.Db6.R.wav,22,OBOE,22,OBOE,0.99964774
C:\Users\Landon\Documents\audioWAV1\Violin.arco.sulD.Eb5.L.wav,31,VIOLIN,31,VIOLIN,1.0
C:\Users\Landon\Documents\audioWAV1\AltoSax.vib.G5.R.wav,1,ALTOSAX,1,ALTOSAX,0.9883773
C:\Users\Landon\Documents\audioWAV1\Violin.arco.sulA.G6.L.wav,31,VIOLIN,31,VIOLIN,0.9999832
C:\Users\Landon\Documents\audioWAV1\Crotale.E7.R.wav,13,CROTALE,9,BELLS,0.5104531
C:\Users\Landon\Documents\audioWAV1\Flute.nonvib.C7.R.wav,16,FLUTE,16,FLUTE,1.0
C:\Users\Landon\Documents\audioWAV1\bells.brass.E8.L.wav,9,BELLS,9,BELLS,0.99999106
C:\Users\Landon\Documents\audioWAV1\AltoFlute.vib.F6.R.wav,0,ALTOFLUTE,0,ALTOFLUTE,1.0
C:\Users\Landon\Documents\audioWAV1\BassFlute.B3.R.wav,5,BASSFLUTE,10,CELLO,0.9566829
C:\Users\Landon\Documents\audioWAV1\Vibraphone.bow.G5.R.wav,29,VIBRAPHONE,29,VIBRAPHONE,1.0
C:\Users\Landon\Documents\audioWAV1\Xylophone.hardrubber.Bb6.L.wav,32,XYLOPHONE,32,XYLOPHONE,0.6366619
C:\Users\Landon\Documents\audioWAV1\Marimba.rubber.C2.L.wav,21,MARIMBA,21,MARIMBA,0.39242053
C:\Users\Landon\Documents\audioWAV1\Trumpet.novib.G3.L.wav,27,TRUMPET,27,TRUMPET,0.9998381
C:\Users\Landon\Documents\audioWAV1\Flute.vib.Ab5.L.wav,16,FLUTE,5,BASSFLUTE,0.94182295
C:\Users\Landon\Documents\audioWAV1\Bass.arco.sulA.C3.L.wav,3,BASS,3,BASS,0.99999964
C:\Users\Landon\Documents\audioWAV1\AltoFlute.vib.Bb3.R.wav,0,ALTOFLUTE,0,ALTOFLUTE,0.65125215
C:\Users\Landon\Documents\audioWAV1\Cello.arco.sulC.Gb3.L.wav,10,CELLO,10,CELLO,1.0
C:\Users\Landon\Documents\audioWAV1\Trumpet.vib.E3.R.wav,27,TRUMPET,27,TRUMPET,0.9210482
C:\Users\Landon\Documents\audioWAV1\Bass.arco.sulA.Eb2.R.wav,3,BASS,3,BASS,0.9999324
C:\Users\Landon\Documents\audioWAV1\Bassoon.Eb4.R.wav,6,BASSOON,6,BASSOON,0.999645
C:\Users\Landon\Documents\audioWAV1\Marimba.yarn.Db4.L.wav,21,MARIMBA,21,MARIMBA,0.99999917
C:\Users\Landon\Documents\audioWAV1\Marimba.rubber.F6.R.wav,21,MARIMBA,21,MARIMBA,0.97513574
C:\Users\Landon\Documents\audioWAV1\Tuba.Ab1.R.wav,28,TUBA,28,TUBA,0.8611663
C:\Users\Landon\Documents\audioWAV1\Tuba.Gb2.L.wav,28,TUBA,28,TUBA,0.9553146
C:\Users\Landon\Documents\audioWAV1\Cello.arco.sulG.E3.L.wav,10,CELLO,10,CELLO,0.9999945
C:\Users\Landon\Documents\audioWAV1\BassClarinet.C5.R.wav,4,BASSCLARINET,4,BASSCLARINET,0.9773415
C:\Users\Landon\Documents\audioWAV1\Marimba.cord.Db2.R.wav,21,MARIMBA,21,MARIMBA,0.5523093
C:\Users\Landon\Documents\audioWAV1\bells.plastic.G5.R.wav,9,BELLS,9,BELLS,0.71383613
C:\Users\Landon\Documents\audioWAV1\Bass.arco.sulG.A2.L.wav,3,BASS,3,BASS,0.99988484
C:\Users\Landon\Documents\audioWAV1\Vibraphone.dampen.D3.R.wav,29,VIBRAPHONE,29,VIBRAPHONE,0.94607204
C:\Users\Landon\Documents\audioWAV1\BbClarinet.E4.R.wav,8,BBCLARINET,8,BBCLARINET,0.9941543
C:\Users\Landon\Documents\audioWAV1\Cello.arco.sulC.G2.L.wav,10,CELLO,10,CELLO,0.9999982
C:\Users\Landon\Documents\audioWAV1\AltoFlute.vib.Gb6.R.wav,0,ALTOFLUTE,0,ALTOFLUTE,0.99997425
C:\Users\Landon\Documents\audioWAV1\BbClarinet.Bb5.L.wav,8,BBCLARINET,5,BASSFLUTE,0.9745379
C:\Users\Landon\Documents\audioWAV1\BbClarinet.Eb4.L.wav,8,BBCLARINET,8,BBCLARINET,0.9303202
C:\Users\Landon\Documents\audioWAV1\Cello.arco.sulD.Gb4.L.wav,10,CELLO,10,CELLO,0.99956983
C:\Users\Landon\Documents\audioWAV1\Violin.arco.sulD.A5.R.wav,31,VIOLIN,31,VIOLIN,0.99999595
C:\Users\Landon\Documents\audioWAV1\AltoSax.NoVib.Eb3.R.wav,1,ALTOSAX,1,ALTOSAX,0.6655994
C:\Users\Landon\Documents\audioWAV1\BassFlute.Ab4.R.wav,5,BASSFLUTE,5,BASSFLUTE,0.39951995
C:\Users\Landon\Documents\audioWAV1\TenorTrombone.B4.R.wav,25,TENORTROMBONE,25,TENORTROMBONE,0.35098615
C:\Users\Landon\Documents\audioWAV1\Marimba.cord.D5.R.wav,21,MARIMBA,29,VIBRAPHONE,0.57325155
C:\Users\Landon\Documents\audioWAV1\Bassoon.B1.L.wav,6,BASSOON,6,BASSOON,0.53880775
C:\Users\Landon\Documents\audioWAV1\Violin.arco.sulD.Ab5.L.wav,31,VIOLIN,31,VIOLIN,0.99999845
C:\Users\Landon\Documents\audioWAV1\Cello.arco.sulC.Db2.R.wav,10,CELLO,10,CELLO,0.99997973
C:\Users\Landon\Documents\audioWAV1\Horn.E3.L.wav,19,HORN,19,HORN,0.9504237
C:\Users\Landon\Documents\audioWAV1\Marimba.cord.Gb5.L.wav,21,MARIMBA,21,MARIMBA,0.45554823
C:\Users\Landon\Documents\audioWAV1\Trumpet.novib.Eb4.L.wav,27,TRUMPET,27,TRUMPET,0.9987973
C:\Users\Landon\Documents\audioWAV1\Xylophone.rosewood.D6.L.wav,32,XYLOPHONE,32,XYLOPHONE,0.9957039
C:\Users\Landon\Documents\audioWAV1\BbClarinet.Bb4.R.wav,8,BBCLARINET,30,VIOLA,0.503535
C:\Users\Landon\Documents\audioWAV1\Violin.arco.sulE.Gb6.R.wav,31,VIOLIN,31,VIOLIN,1.0
C:\Users\Landon\Documents\audioWAV1\Marimba.yarn.F6.R.wav,21,MARIMBA,21,MARIMBA,0.9943937
C:\Users\Landon\Documents\audioWAV1\Tuba.G3.R.wav,28,TUBA,28,TUBA,0.9437541
C:\Users\Landon\Documents\audioWAV1\Cello.arco.sulC.A2.L.wav,10,CELLO,10,CELLO,0.9999503
C:\Users\Landon\Documents\audioWAV1\Cello.arco.sulD.Eb4.L.wav,10,CELLO,10,CELLO,1.0
C:\Users\Landon\Documents\audioWAV1\Violin.arco.sulA.A5.R.wav,31,VIOLIN,31,VIOLIN,0.99982256
C:\Users\Landon\Documents\audioWAV1\Marimba.cord.C4.R.wav,21,MARIMBA,21,MARIMBA,0.9999994
C:\Users\Landon\Documents\audioWAV1\Flute.nonvib.G6.R.wav,16,FLUTE,16,FLUTE,0.9998909
C:\Users\Landon\Documents\audioWAV1\AltoFlute.vib.D4.L.wav,0,ALTOFLUTE,0,ALTOFLUTE,0.80491525
C:\Users\Landon\Documents\audioWAV1\Cello.arco.sulG.B2.R.wav,10,CELLO,10,CELLO,1.0
C:\Users\Landon\Documents\audioWAV1\Vibraphone.shortsustain.Eb4.L.wav,29,VIBRAPHONE,29,VIBRAPHONE,0.9530483
C:\Users\Landon\Documents\audioWAV1\Violin.arco.sulD.G4.L.wav,31,VIOLIN,31,VIOLIN,0.9999974
C:\Users\Landon\Documents\audioWAV1\Marimba.yarn.B2.L.wav,21,MARIMBA,21,MARIMBA,0.99205315
C:\Users\Landon\Documents\audioWAV1\Xylophone.hardrubber.E7.L.wav,32,XYLOPHONE,32,XYLOPHONE,0.98303854
C:\Users\Landon\Documents\audioWAV1\bells.brass.F7.R.wav,9,BELLS,9,BELLS,0.9910619
C:\Users\Landon\Documents\audioWAV1\Vibraphone.sustain.E3.R.wav,29,VIBRAPHONE,29,VIBRAPHONE,0.99990773
C:\Users\Landon\Documents\audioWAV1\Bassoon.Ab4.R.wav,6,BASSOON,6,BASSOON,0.83248246
C:\Users\Landon\Documents\audioWAV1\Bass.arco.sulE.D2.L.wav,3,BASS,3,BASS,0.9999962
C:\Users\Landon\Documents\audioWAV1\SopSax.nonvib.Db4.R.wav,24,SOPSAX,24,SOPSAX,0.9999665
C:\Users\Landon\Documents\audioWAV1\AltoSax.vib.G4.L.wav,1,ALTOSAX,1,ALTOSAX,0.9939553
C:\Users\Landon\Documents\audioWAV1\Crotale.Eb6.L.wav,13,CROTALE,9,BELLS,0.53002095
C:\Users\Landon\Documents\audioWAV1\Cello.arco.sulG.D4.R.wav,10,CELLO,10,CELLO,1.0
C:\Users\Landon\Documents\audioWAV1\Bass.arco.sulG.B2.L.wav,3,BASS,3,BASS,1.0
C:\Users\Landon\Documents\audioWAV1\Bass.arco.sulD.Ab3.R.wav,3,BASS,3,BASS,0.9998685
C:\Users\Landon\Documents\audioWAV1\Violin.arco.sulD.Ab4.L.wav,31,VIOLIN,31,VIOLIN,0.9991592
C:\Users\Landon\Documents\audioWAV1\bells.brass.F5.L.wav,9,BELLS,9,BELLS,0.98392963
C:\Users\Landon\Documents\audioWAV1\Cello.arco.sulD.G3.L.wav,10,CELLO,10,CELLO,0.99999404
C:\Users\Landon\Documents\audioWAV1\AltoSax.vib.G4.R.wav,1,ALTOSAX,1,ALTOSAX,0.9939553
C:\Users\Landon\Documents\audioWAV1\BassClarinet.A4.R.wav,4,BASSCLARINET,4,BASSCLARINET,0.79001564
C:\Users\Landon\Documents\audioWAV1\Xylophone.rosewood.G5.R.wav,32,XYLOPHONE,32,XYLOPHONE,0.98004144
C:\Users\Landon\Documents\audioWAV1\Vibraphone.bow.Gb4.R.wav,29,VIBRAPHONE,29,VIBRAPHONE,0.9999808
C:\Users\Landon\Documents\audioWAV1\Crotale.B7.L.wav,13,CROTALE,9,BELLS,0.9463614
C:\Users\Landon\Documents\audioWAV1\Marimba.yarn.F3.R.wav,21,MARIMBA,21,MARIMBA,0.99999857
C:\Users\Landon\Documents\audioWAV1\EbClarinet.C5.L.wav,14,EBCLARINET,14,EBCLARINET,0.9394142
C:\Users\Landon\Documents\audioWAV1\Vibraphone.dampen.F4.L.wav,29,VIBRAPHONE,21,MARIMBA,0.5293555
C:\Users\Landon\Documents\audioWAV1\SopSax.nonvib.Eb4.R.wav,24,SOPSAX,24,SOPSAX,0.9998919
C:\Users\Landon\Documents\audioWAV1\Bass.arco.sulG.Db4.R.wav,3,BASS,3,BASS,0.88285804
C:\Users\Landon\Documents\audioWAV1\TenorTrombone.Ab2.L.wav,25,TENORTROMBONE,25,TENORTROMBONE,0.77149767
C:\Users\Landon\Documents\audioWAV1\Marimba.cord.G3.R.wav,21,MARIMBA,21,MARIMBA,1.0
C:\Users\Landon\Documents\audioWAV1\BbClarinet.B4.R.wav,8,BBCLARINET,8,BBCLARINET,0.9994905
C:\Users\Landon\Documents\audioWAV1\Crotale.Eb7.R.wav,13,CROTALE,9,BELLS,0.514317
C:\Users\Landon\Documents\audioWAV1\Vibraphone.dampen.Bb3.R.wav,29,VIBRAPHONE,29,VIBRAPHONE,0.55296105
C:\Users\Landon\Documents\audioWAV1\AltoFlute.vib.G5.L.wav,0,ALTOFLUTE,0,ALTOFLUTE,0.74923927
C:\Users\Landon\Documents\audioWAV1\AltoFlute.vib.E4.L.wav,0,ALTOFLUTE,0,ALTOFLUTE,0.8789914
C:\Users\Landon\Documents\audioWAV1\Viola.arco.sulG.C5.L.wav,30,VIOLA,30,VIOLA,0.5062408
C:\Users\Landon\Documents\audioWAV1\Vibraphone.shortsustain.B3.R.wav,29,VIBRAPHONE,29,VIBRAPHONE,0.99918336
C:\Users\Landon\Documents\audioWAV1\Bass.arco.sulE.G2.L.wav,3,BASS,3,BASS,0.99999917
C:\Users\Landon\Documents\audioWAV1\Bass.arco.sulG.G3.R.wav,3,BASS,3,BASS,0.9988136
C:\Users\Landon\Documents\audioWAV1\Vibraphone.sustain.Gb5.R.wav,29,VIBRAPHONE,29,VIBRAPHONE,0.9999951
C:\Users\Landon\Documents\audioWAV1\Xylophone.rosewood.C6.L.wav,32,XYLOPHONE,32,XYLOPHONE,0.9625329
C:\Users\Landon\Documents\audioWAV1\Viola.arco.sulD.Gb4.R.wav,30,VIOLA,30,VIOLA,0.5150759
C:\Users\Landon\Documents\audioWAV1\Bass.arco.sulA.C2.L.wav,3,BASS,3,BASS,1.0
C:\Users\Landon\Documents\audioWAV1\Tuba.D1.L.wav,28,TUBA,28,TUBA,0.8799325
C:\Users\Landon\Documents\audioWAV1\Vibraphone.dampen.E4.R.wav,29,VIBRAPHONE,21,MARIMBA,0.6185566
C:\Users\Landon\Documents\audioWAV1\Cello.arco.sulC.C4.L.wav,10,CELLO,10,CELLO,0.9999981
C:\Users\Landon\Documents\audioWAV1\EbClarinet.G6.L.wav,14,EBCLARINET,31,VIOLIN,0.5019176
C:\Users\Landon\Documents\audioWAV1\Horn.F2.R.wav,19,HORN,19,HORN,0.9074779
C:\Users\Landon\Documents\audioWAV1\BassClarinet.C4.R.wav,4,BASSCLARINET,4,BASSCLARINET,0.9996136
C:\Users\Landon\Documents\audioWAV1\Bass.arco.sulA.F2.L.wav,3,BASS,3,BASS,0.99999964
C:\Users\Landon\Documents\audioWAV1\BassFlute.B5.L.wav,5,BASSFLUTE,5,BASSFLUTE,0.6921076
C:\Users\Landon\Documents\audioWAV1\Bassoon.E3.R.wav,6,BASSOON,6,BASSOON,0.9988757
C:\Users\Landon\Documents\audioWAV1\Xylophone.rosewood.A5.L.wav,32,XYLOPHONE,32,XYLOPHONE,0.9968712
C:\Users\Landon\Documents\audioWAV1\Vibraphone.shortsustain.B3.L.wav,29,VIBRAPHONE,29,VIBRAPHONE,0.9994702
C:\Users\Landon\Documents\audioWAV1\Vibraphone.dampen.C3.R.wav,29,VIBRAPHONE,9,BELLS,0.53711015
C:\Users\Landon\Documents\audioWAV1\AltoSax.NoVib.D3.L.wav,1,ALTOSAX,1,ALTOSAX,0.7795523
C:\Users\Landon\Documents\audioWAV1\Cello.arco.sulD.Gb3.R.wav,10,CELLO,10,CELLO,0.99999297
C:\Users\Landon\Documents\audioWAV1\Bass.arco.sulE.Gb2.R.wav,3,BASS,3,BASS,1.0
C:\Users\Landon\Documents\audioWAV1\Vibraphone.shortsustain.G4.R.wav,29,VIBRAPHONE,29,VIBRAPHONE,0.665459
C:\Users\Landon\Documents\audioWAV1\EbClarinet.C4.L.wav,14,EBCLARINET,14,EBCLARINET,0.93133885
C:\Users\Landon\Documents\audioWAV1\Marimba.yarn.C4.R.wav,21,MARIMBA,21,MARIMBA,0.99999964
C:\Users\Landon\Documents\audioWAV1\Trumpet.novib.Eb6.L.wav,27,TRUMPET,24,SOPSAX,0.9999695
C:\Users\Landon\Documents\audioWAV1\SopSax.vib.B4.L.wav,24,SOPSAX,24,SOPSAX,0.9999919
C:\Users\Landon\Documents\audioWAV1\Marimba.cord.C5.R.wav,21,MARIMBA,29,VIBRAPHONE,0.9008914
C:\Users\Landon\Documents\audioWAV1\AltoSax.vib.Ab3.R.wav,1,ALTOSAX,1,ALTOSAX,0.892028
C:\Users\Landon\Documents\audioWAV1\TenorTrombone.G4.L.wav,25,TENORTROMBONE,25,TENORTROMBONE,0.8283615
C:\Users\Landon\Documents\audioWAV1\Crotale.G7.L.wav,13,CROTALE,13,CROTALE,0.8080158
C:\Users\Landon\Documents\audioWAV1\Xylophone.rosewood.Db5.R.wav,32,XYLOPHONE,32,XYLOPHONE,0.99082094
C:\Users\Landon\Documents\audioWAV1\Marimba.cord.G6.L.wav,21,MARIMBA,21,MARIMBA,0.6924133
C:\Users\Landon\Documents\audioWAV1\Marimba.yarn.D6.L.wav,21,MARIMBA,21,MARIMBA,0.9448372
C:\Users\Landon\Documents\audioWAV1\Marimba.yarn.Bb6.R.wav,21,MARIMBA,21,MARIMBA,0.9508696
C:\Users\Landon\Documents\audioWAV1\EbClarinet.E5.L.wav,14,EBCLARINET,14,EBCLARINET,0.9166388
C:\Users\Landon\Documents\audioWAV1\Trumpet.novib.Gb5.R.wav,27,TRUMPET,27,TRUMPET,1.0
C:\Users\Landon\Documents\audioWAV1\AltoSax.NoVib.Eb5.R.wav,1,ALTOSAX,1,ALTOSAX,0.56669044
C:\Users\Landon\Documents\audioWAV1\Vibraphone.dampen.E6.R.wav,29,VIBRAPHONE,21,MARIMBA,0.8667426
C:\Users\Landon\Documents\audioWAV1\Violin.arco.sulD.E5.R.wav,31,VIOLIN,31,VIOLIN,0.99997747
C:\Users\Landon\Documents\audioWAV1\Xylophone.rosewood.Db5.L.wav,32,XYLOPHONE,32,XYLOPHONE,0.9932787
C:\Users\Landon\Documents\audioWAV1\Cello.arco.sulD.Ab3.L.wav,10,CELLO,10,CELLO,1.0
C:\Users\Landon\Documents\audioWAV1\AltoFlute.vib.Ab4.L.wav,0,ALTOFLUTE,0,ALTOFLUTE,0.68625486
C:\Users\Landon\Documents\audioWAV1\AltoSax.NoVib.B3.R.wav,1,ALTOSAX,1,ALTOSAX,0.9627634
C:\Users\Landon\Documents\audioWAV1\Vibraphone.shortsustain.E3.R.wav,29,VIBRAPHONE,29,VIBRAPHONE,0.9159844
C:\Users\Landon\Documents\audioWAV1\Bass.arco.sulE.Db2.R.wav,3,BASS,3,BASS,0.9999988
C:\Users\Landon\Documents\audioWAV1\Viola.arco.sulA.A5.R.wav,30,VIOLA,30,VIOLA,0.6966182
C:\Users\Landon\Documents\audioWAV1\Flute.vib.Db7.R.wav,16,FLUTE,16,FLUTE,0.9999424
C:\Users\Landon\Documents\audioWAV1\Marimba.yarn.C7.R.wav,21,MARIMBA,21,MARIMBA,0.85394174
C:\Users\Landon\Documents\audioWAV1\BassTrombone.D1.L.wav,7,BASSTROMBONE,28,TUBA,0.35453942
C:\Users\Landon\Documents\audioWAV1\Viola.arco.sulD.G4.R.wav,30,VIOLA,30,VIOLA,0.9842515
C:\Users\Landon\Documents\audioWAV1\Vibraphone.dampen.F4.R.wav,29,VIBRAPHONE,21,MARIMBA,0.52634865
C:\Users\Landon\Documents\audioWAV1\Marimba.cord.Db4.R.wav,21,MARIMBA,21,MARIMBA,0.9999131
C:\Users\Landon\Documents\audioWAV1\AltoFlute.vib.B5.L.wav,0,ALTOFLUTE,5,BASSFLUTE,0.9993011
C:\Users\Landon\Documents\audioWAV1\TenorTrombone.G3.R.wav,25,TENORTROMBONE,25,TENORTROMBONE,0.95239776
C:\Users\Landon\Documents\audioWAV1\Violin.arco.sulG.D5.L.wav,31,VIOLIN,31,VIOLIN,0.9999999
C:\Users\Landon\Documents\audioWAV1\Flute.vib.Eb6.R.wav,16,FLUTE,8,BBCLARINET,0.5494934
C:\Users\Landon\Documents\audioWAV1\Trumpet.novib.Ab3.R.wav,27,TRUMPET,27,TRUMPET,0.9998258
C:\Users\Landon\Documents\audioWAV1\BassFlute.Gb4.L.wav,5,BASSFLUTE,5,BASSFLUTE,0.9199129
C:\Users\Landon\Documents\audioWAV1\Bass.arco.sulG.D4.L.wav,3,BASS,3,BASS,0.99988794
C:\Users\Landon\Documents\audioWAV1\Marimba.yarn.B3.R.wav,21,MARIMBA,21,MARIMBA,1.0
C:\Users\Landon\Documents\audioWAV1\Vibraphone.dampen.Db5.R.wav,29,VIBRAPHONE,29,VIBRAPHONE,0.93066347
C:\Users\Landon\Documents\audioWAV1\Horn.B4.L.wav,19,HORN,19,HORN,0.9930841
C:\Users\Landon\Documents\audioWAV1\Violin.arco.sulA.A4.R.wav,31,VIOLIN,31,VIOLIN,1.0
C:\Users\Landon\Documents\audioWAV1\Bass.arco.sulD.C3.L.wav,3,BASS,3,BASS,1.0
C:\Users\Landon\Documents\audioWAV1\Xylophone.rosewood.Gb4.L.wav,32,XYLOPHONE,32,XYLOPHONE,0.99068755
C:\Users\Landon\Documents\audioWAV1\Xylophone.rosewood.Ab4.L.wav,32,XYLOPHONE,32,XYLOPHONE,0.9897293
C:\Users\Landon\Documents\audioWAV1\Cello.arco.sulD.G4.R.wav,10,CELLO,10,CELLO,0.99999964
C:\Users\Landon\Documents\audioWAV1\Violin.arco.sulG.G4.L.wav,31,VIOLIN,31,VIOLIN,0.9999906
C:\Users\Landon\Documents\audioWAV1\Viola.arco.sulC.C4.L.wav,30,VIOLA,30,VIOLA,0.999684
C:\Users\Landon\Documents\audioWAV1\Vibraphone.shortsustain.E4.L.wav,29,VIBRAPHONE,29,VIBRAPHONE,0.9959138
C:\Users\Landon\Documents\audioWAV1\Marimba.cord.C7.R.wav,21,MARIMBA,21,MARIMBA,0.8801576
C:\Users\Landon\Documents\audioWAV1\Violin.arco.sulD.B5.R.wav,31,VIOLIN,31,VIOLIN,1.0
C:\Users\Landon\Documents\audioWAV1\Viola.arco.sulC.F4.R.wav,30,VIOLA,30,VIOLA,0.9996729
C:\Users\Landon\Documents\audioWAV1\Vibraphone.bow.F4.R.wav,29,VIBRAPHONE,29,VIBRAPHONE,0.99999964
C:\Users\Landon\Documents\audioWAV1\Bass.arco.sulC.Db1.L.wav,3,BASS,3,BASS,0.99923766
C:\Users\Landon\Documents\audioWAV1\BassClarinet.C4.L.wav,4,BASSCLARINET,4,BASSCLARINET,0.9996136
C:\Users\Landon\Documents\audioWAV1\Trumpet.vib.Ab5.R.wav,27,TRUMPET,27,TRUMPET,1.0
C:\Users\Landon\Documents\audioWAV1\Trumpet.novib.C5.R.wav,27,TRUMPET,27,TRUMPET,1.0
C:\Users\Landon\Documents\audioWAV1\TenorTrombone.Bb2.R.wav,25,TENORTROMBONE,25,TENORTROMBONE,0.92107636
C:\Users\Landon\Documents\audioWAV1\Marimba.yarn.Eb3.L.wav,21,MARIMBA,21,MARIMBA,0.9999957
C:\Users\Landon\Documents\audioWAV1\Flute.nonvib.D5.L.wav,16,FLUTE,16,FLUTE,0.78379184
C:\Users\Landon\Documents\audioWAV1\Marimba.cord.Db5.L.wav,21,MARIMBA,29,VIBRAPHONE,0.90862334
C:\Users\Landon\Documents\audioWAV1\BbClarinet.E3.R.wav,8,BBCLARINET,8,BBCLARINET,0.8968768
C:\Users\Landon\Documents\audioWAV1\AltoFlute.vib.Gb6.L.wav,0,ALTOFLUTE,0,ALTOFLUTE,0.99997425
C:\Users\Landon\Documents\audioWAV1\Bass.arco.sulE.A2.L.wav,3,BASS,3,BASS,1.0
C:\Users\Landon\Documents\audioWAV1\Bass.arco.sulD.B3.R.wav,3,BASS,3,BASS,0.9998981
C:\Users\Landon\Documents\audioWAV1\Cello.arco.sulA.Eb4.L.wav,10,CELLO,10,CELLO,1.0
C:\Users\Landon\Documents\audioWAV1\BbClarinet.Bb4.L.wav,8,BBCLARINET,30,VIOLA,0.503535
C:\Users\Landon\Documents\audioWAV1\Marimba.yarn.G3.R.wav,21,MARIMBA,21,MARIMBA,1.0
C:\Users\Landon\Documents\audioWAV1\Flute.nonvib.D6.L.wav,16,FLUTE,30,VIOLA,0.5355128
C:\Users\Landon\Documents\audioWAV1\Marimba.rubber.C7.R.wav,21,MARIMBA,21,MARIMBA,0.84327114
C:\Users\Landon\Documents\audioWAV1\Tuba.Gb1.R.wav,28,TUBA,28,TUBA,0.9413614
C:\Users\Landon\Documents\audioWAV1\BassFlute.F3.L.wav,5,BASSFLUTE,5,BASSFLUTE,0.529144
C:\Users\Landon\Documents\audioWAV1\Crotale.F6.R.wav,13,CROTALE,13,CROTALE,0.64702016
C:\Users\Landon\Documents\audioWAV1\hihat.shoulder.R.wav,18,HIHAT,18,HIHAT,0.8454533
C:\Users\Landon\Documents\audioWAV1\BassClarinet.Gb4.L.wav,4,BASSCLARINET,4,BASSCLARINET,0.9966169
C:\Users\Landon\Documents\audioWAV1\SopSax.vib.G5.L.wav,24,SOPSAX,24,SOPSAX,0.9996959
C:\Users\Landon\Documents\audioWAV1\Cello.arco.sulG.Gb3.R.wav,10,CELLO,10,CELLO,1.0
C:\Users\Landon\Documents\audioWAV1\Cello.arco.sulD.D5.L.wav,10,CELLO,10,CELLO,0.9887462
C:\Users\Landon\Documents\audioWAV1\Violin.arco.sulG.A3.L.wav,31,VIOLIN,31,VIOLIN,0.9998882
C:\Users\Landon\Documents\audioWAV1\bells.brass.F6.L.wav,9,BELLS,9,BELLS,0.96682936
C:\Users\Landon\Documents\audioWAV1\Marimba.cord.G2.R.wav,21,MARIMBA,21,MARIMBA,0.9971892
C:\Users\Landon\Documents\audioWAV1\Bassoon.Bb4.L.wav,6,BASSOON,6,BASSOON,0.92402494
C:\Users\Landon\Documents\audioWAV1\Marimba.cord.B5.R.wav,21,MARIMBA,32,XYLOPHONE,0.5791064
C:\Users\Landon\Documents\audioWAV1\Viola.arco.sulG.Eb5.L.wav,30,VIOLA,8,BBCLARINET,0.977395
C:\Users\Landon\Documents\audioWAV1\Violin.arco.sulD.B5.L.wav,31,VIOLIN,31,VIOLIN,1.0
C:\Users\Landon\Documents\audioWAV1\bells.brass.C7.R.wav,9,BELLS,9,BELLS,0.9929304
C:\Users\Landon\Documents\audioWAV1\bells.brass.Db8.R.wav,9,BELLS,9,BELLS,0.9999993
C:\Users\Landon\Documents\audioWAV1\Marimba.rubber.Bb5.R.wav,21,MARIMBA,21,MARIMBA,0.54911774
C:\Users\Landon\Documents\audioWAV1\Horn.D4.R.wav,19,HORN,19,HORN,0.8638371
C:\Users\Landon\Documents\audioWAV1\Marimba.rubber.Db2.R.wav,21,MARIMBA,21,MARIMBA,0.48595136
C:\Users\Landon\Documents\audioWAV1\Violin.arco.sulA.Ab6.R.wav,31,VIOLIN,31,VIOLIN,0.99520564
C:\Users\Landon\Documents\audioWAV1\Xylophone.rosewood.G7.R.wav,32,XYLOPHONE,32,XYLOPHONE,0.99742067
C:\Users\Landon\Documents\audioWAV1\Violin.arco.sulD.Db5.L.wav,31,VIOLIN,31,VIOLIN,1.0
C:\Users\Landon\Documents\audioWAV1\BassFlute.F4.R.wav,5,BASSFLUTE,30,VIOLA,0.9859241
C:\Users\Landon\Documents\audioWAV1\Trumpet.vib.B4.L.wav,27,TRUMPET,27,TRUMPET,0.9999988
C:\Users\Landon\Documents\audioWAV1\Trumpet.vib.G5.R.wav,27,TRUMPET,27,TRUMPET,1.0
C:\Users\Landon\Documents\audioWAV1\AltoFlute.vib.Eb5.R.wav,0,ALTOFLUTE,0,ALTOFLUTE,0.6941403
C:\Users\Landon\Documents\audioWAV1\Vibraphone.dampen.Bb4.L.wav,29,VIBRAPHONE,29,VIBRAPHONE,0.8198951
C:\Users\Landon\Documents\audioWAV1\bells.plastic.Ab5.L.wav,9,BELLS,9,BELLS,0.98328775
C:\Users\Landon\Documents\audioWAV1\Vibraphone.dampen.Eb5.L.wav,29,VIBRAPHONE,29,VIBRAPHONE,0.86657554
C:\Users\Landon\Documents\audioWAV1\Marimba.yarn.D3.L.wav,21,MARIMBA,21,MARIMBA,0.9997744
C:\Users\Landon\Documents\audioWAV1\Bass.arco.sulG.E3.L.wav,3,BASS,3,BASS,1.0
C:\Users\Landon\Documents\audioWAV1\Xylophone.rosewood.E6.L.wav,32,XYLOPHONE,32,XYLOPHONE,0.987694
C:\Users\Landon\Documents\audioWAV1\EbClarinet.C6.L.wav,14,EBCLARINET,8,BBCLARINET,0.59124714
C:\Users\Landon\Documents\audioWAV1\Trumpet.novib.B3.L.wav,27,TRUMPET,27,TRUMPET,0.99991333
C:\Users\Landon\Documents\audioWAV1\SopSax.nonvib.E5.L.wav,24,SOPSAX,24,SOPSAX,0.9999316
C:\Users\Landon\Documents\audioWAV1\Marimba.yarn.G5.L.wav,21,MARIMBA,21,MARIMBA,0.47103962
C:\Users\Landon\Documents\audioWAV1\Xylophone.rosewood.Db7.L.wav,32,XYLOPHONE,32,XYLOPHONE,0.9877978
C:\Users\Landon\Documents\audioWAV1\BassClarinet.D3.R.wav,4,BASSCLARINET,4,BASSCLARINET,0.99855393
C:\Users\Landon\Documents\audioWAV1\Marimba.yarn.F5.R.wav,21,MARIMBA,29,VIBRAPHONE,0.7217178
C:\Users\Landon\Documents\audioWAV1\Crotale.F7.R.wav,13,CROTALE,9,BELLS,0.79195887
C:\Users\Landon\Documents\audioWAV1\BassTrombone.Gb1.R.wav,7,BASSTROMBONE,7,BASSTROMBONE,0.7442848
C:\Users\Landon\Documents\audioWAV1\Trumpet.novib.C6.R.wav,27,TRUMPET,27,TRUMPET,1.0
C:\Users\Landon\Documents\audioWAV1\Marimba.rubber.B6.R.wav,21,MARIMBA,32,XYLOPHONE,0.9162669
C:\Users\Landon\Documents\audioWAV1\Crotale.A7.R.wav,13,CROTALE,9,BELLS,0.7909107
C:\Users\Landon\Documents\audioWAV1\Marimba.rubber.D3.R.wav,21,MARIMBA,21,MARIMBA,0.98641926
C:\Users\Landon\Documents\audioWAV1\Bass.arco.sulA.Ab2.R.wav,3,BASS,3,BASS,1.0
C:\Users\Landon\Documents\audioWAV1\Marimba.cord.E4.R.wav,21,MARIMBA,21,MARIMBA,0.99914145
C:\Users\Landon\Documents\audioWAV1\Viola.arco.sulD.F5.L.wav,30,VIOLA,30,VIOLA,0.9830201
C:\Users\Landon\Documents\audioWAV1\Marimba.rubber.Eb3.R.wav,21,MARIMBA,21,MARIMBA,0.92729497
C:\Users\Landon\Documents\audioWAV1\BbClarinet.Db4.R.wav,8,BBCLARINET,8,BBCLARINET,0.9939692
C:\Users\Landon\Documents\audioWAV1\BassFlute.D4.L.wav,5,BASSFLUTE,5,BASSFLUTE,0.9952969
C:\Users\Landon\Documents\audioWAV1\TenorTrombone.F2.R.wav,25,TENORTROMBONE,25,TENORTROMBONE,0.7535715
C:\Users\Landon\Documents\audioWAV1\Cello.arco.sulG.F3.R.wav,10,CELLO,10,CELLO,1.0
C:\Users\Landon\Documents\audioWAV1\Bassoon.Db5.L.wav,6,BASSOON,6,BASSOON,0.9994252
C:\Users\Landon\Documents\audioWAV1\Cello.arco.sulA.Bb4.R.wav,10,CELLO,10,CELLO,0.9936521
C:\Users\Landon\Documents\audioWAV1\Trumpet.novib.Bb3.R.wav,27,TRUMPET,27,TRUMPET,0.99999976
C:\Users\Landon\Documents\audioWAV1\BassClarinet.Bb2.R.wav,4,BASSCLARINET,4,BASSCLARINET,0.9991003
C:\Users\Landon\Documents\audioWAV1\Cello.arco.sulC.C4.R.wav,10,CELLO,10,CELLO,0.9999864
C:\Users\Landon\Documents\audioWAV1\Vibraphone.bow.B5.R.wav,29,VIBRAPHONE,29,VIBRAPHONE,0.9999999
C:\Users\Landon\Documents\audioWAV1\bells.plastic.F5.R.wav,9,BELLS,9,BELLS,0.9566649
C:\Users\Landon\Documents\audioWAV1\Viola.arco.sulD.Eb5.L.wav,30,VIOLA,30,VIOLA,0.99529135
C:\Users\Landon\Documents\audioWAV1\Cello.arco.sulC.Db2.L.wav,10,CELLO,10,CELLO,0.99989676
C:\Users\Landon\Documents\audioWAV1\Horn.G4.R.wav,19,HORN,19,HORN,0.9757243
C:\Users\Landon\Documents\audioWAV1\hihat.footclose.R.wav,18,HIHAT,18,HIHAT,0.4678048
C:\Users\Landon\Documents\audioWAV1\Marimba.cord.Eb4.R.wav,21,MARIMBA,21,MARIMBA,0.97724724
C:\Users\Landon\Documents\audioWAV1\Vibraphone.bow.B3.R.wav,29,VIBRAPHONE,29,VIBRAPHONE,1.0
C:\Users\Landon\Documents\audioWAV1\BassFlute.E3.R.wav,5,BASSFLUTE,10,CELLO,0.44723958
C:\Users\Landon\Documents\audioWAV1\Cello.arco.sulA.C5.R.wav,10,CELLO,10,CELLO,0.99999905
C:\Users\Landon\Documents\audioWAV1\Xylophone.hardrubber.A5.R.wav,32,XYLOPHONE,21,MARIMBA,0.5756521
C:\Users\Landon\Documents\audioWAV1\Viola.arco.sulD.F5.R.wav,30,VIOLA,30,VIOLA,0.9588245
C:\Users\Landon\Documents\audioWAV1\BassClarinet.F5.R.wav,4,BASSCLARINET,4,BASSCLARINET,0.9982742
C:\Users\Landon\Documents\audioWAV1\AltoSax.NoVib.D3.R.wav,1,ALTOSAX,1,ALTOSAX,0.777899
C:\Users\Landon\Documents\audioWAV1\AltoFlute.vib.Ab4.R.wav,0,ALTOFLUTE,0,ALTOFLUTE,0.6862805
C:\Users\Landon\Documents\audioWAV1\Flute.nonvib.E5.L.wav,16,FLUTE,16,FLUTE,0.9999918
C:\Users\Landon\Documents\audioWAV1\Oboe.D5.L.wav,22,OBOE,22,OBOE,0.9999057
C:\Users\Landon\Documents\audioWAV1\Marimba.cord.E6.L.wav,21,MARIMBA,21,MARIMBA,0.9753152
C:\Users\Landon\Documents\audioWAV1\Marimba.yarn.Eb3.R.wav,21,MARIMBA,21,MARIMBA,0.9999956
C:\Users\Landon\Documents\audioWAV1\bells.brass.G7.L.wav,9,BELLS,9,BELLS,0.9999039
C:\Users\Landon\Documents\audioWAV1\BassClarinet.Db4.R.wav,4,BASSCLARINET,4,BASSCLARINET,0.9998617
C:\Users\Landon\Documents\audioWAV1\Marimba.rubber.A2.L.wav,21,MARIMBA,21,MARIMBA,0.9103771
C:\Users\Landon\Documents\audioWAV1\Violin.arco.sulE.B6.L.wav,31,VIOLIN,31,VIOLIN,1.0
C:\Users\Landon\Documents\audioWAV1\Vibraphone.bow.Eb4.R.wav,29,VIBRAPHONE,29,VIBRAPHONE,1.0
C:\Users\Landon\Documents\audioWAV1\AltoSax.NoVib.D5.R.wav,1,ALTOSAX,1,ALTOSAX,0.5313256
C:\Users\Landon\Documents\audioWAV1\bells.brass.D6.L.wav,9,BELLS,9,BELLS,0.97701436
C:\Users\Landon\Documents\audioWAV1\Bass.arco.sulD.Gb2.R.wav,3,BASS,3,BASS,1.0
C:\Users\Landon\Documents\audioWAV1\Xylophone.rosewood.G6.R.wav,32,XYLOPHONE,32,XYLOPHONE,0.9827632
C:\Users\Landon\Documents\audioWAV1\Cello.arco.sulA.F5.R.wav,10,CELLO,10,CELLO,0.9998616
C:\Users\Landon\Documents\audioWAV1\Tuba.B1.R.wav,28,TUBA,28,TUBA,0.94670326
C:\Users\Landon\Documents\audioWAV1\Viola.arco.sulG.F5.L.wav,30,VIOLA,30,VIOLA,0.9850714
C:\Users\Landon\Documents\audioWAV1\Violin.arco.sulG.B3.L.wav,31,VIOLIN,31,VIOLIN,0.99999356
C:\Users\Landon\Documents\audioWAV1\Cello.arco.sulC.F2.R.wav,10,CELLO,10,CELLO,0.99999905
C:\Users\Landon\Documents\audioWAV1\Viola.arco.sulA.E6.R.wav,30,VIOLA,30,VIOLA,0.9907697
C:\Users\Landon\Documents\audioWAV1\BbClarinet.Ab3.R.wav,8,BBCLARINET,8,BBCLARINET,0.99962914
C:\Users\Landon\Documents\audioWAV1\BassFlute.C3.R.wav,5,BASSFLUTE,5,BASSFLUTE,0.5619824
C:\Users\Landon\Documents\audioWAV1\Marimba.cord.E4.L.wav,21,MARIMBA,21,MARIMBA,0.99914885
C:\Users\Landon\Documents\audioWAV1\Violin.arco.sulD.G5.L.wav,31,VIOLIN,31,VIOLIN,0.9999975
C:\Users\Landon\Documents\audioWAV1\Vibraphone.bow.Bb5.L.wav,29,VIBRAPHONE,29,VIBRAPHONE,1.0
C:\Users\Landon\Documents\audioWAV1\AltoSax.NoVib.B4.R.wav,1,ALTOSAX,1,ALTOSAX,0.9973671
C:\Users\Landon\Documents\audioWAV1\Horn.Db3.R.wav,19,HORN,19,HORN,0.9890737
C:\Users\Landon\Documents\audioWAV1\Vibraphone.sustain.D5.R.wav,29,VIBRAPHONE,29,VIBRAPHONE,0.99992645
C:\Users\Landon\Documents\audioWAV1\Trumpet.vib.Db5.R.wav,27,TRUMPET,27,TRUMPET,1.0
C:\Users\Landon\Documents\audioWAV1\BassClarinet.Db2.R.wav,4,BASSCLARINET,4,BASSCLARINET,0.84627885
C:\Users\Landon\Documents\audioWAV1\bells.plastic.A7.R.wav,9,BELLS,9,BELLS,0.99873036
C:\Users\Landon\Documents\audioWAV1\Violin.arco.sulA.F6.L.wav,31,VIOLIN,31,VIOLIN,1.0
C:\Users\Landon\Documents\audioWAV1\Bass.arco.sulG.F4.R.wav,3,BASS,3,BASS,0.7352393
C:\Users\Landon\Documents\audioWAV1\Tuba.Ab3.L.wav,28,TUBA,28,TUBA,0.997334
C:\Users\Landon\Documents\audioWAV1\Trumpet.novib.G3.R.wav,27,TRUMPET,27,TRUMPET,0.9998319
C:\Users\Landon\Documents\audioWAV1\Marimba.yarn.A6.L.wav,21,MARIMBA,21,MARIMBA,0.93480843
C:\Users\Landon\Documents\audioWAV1\EbClarinet.Eb6.R.wav,14,EBCLARINET,16,FLUTE,0.8801409
C:\Users\Landon\Documents\audioWAV1\Violin.arco.sulA.B4.L.wav,31,VIOLIN,31,VIOLIN,0.46893534
C:\Users\Landon\Documents\audioWAV1\SopSax.nonvib.G5.R.wav,24,SOPSAX,24,SOPSAX,0.99952924
C:\Users\Landon\Documents\audioWAV1\Marimba.yarn.Ab2.R.wav,21,MARIMBA,21,MARIMBA,0.9999485
C:\Users\Landon\Documents\audioWAV1\BassTrombone.Ab2.L.wav,7,BASSTROMBONE,25,TENORTROMBONE,0.6818401
C:\Users\Landon\Documents\audioWAV1\Violin.arco.sulE.Eb6.R.wav,31,VIOLIN,31,VIOLIN,1.0
C:\Users\Landon\Documents\audioWAV1\Vibraphone.dampen.F6.L.wav,29,VIBRAPHONE,21,MARIMBA,0.868238
C:\Users\Landon\Documents\audioWAV1\Bassoon.D3.R.wav,6,BASSOON,6,BASSOON,0.99977356
C:\Users\Landon\Documents\audioWAV1\Viola.arco.sulD.Bb5.L.wav,30,VIOLA,30,VIOLA,0.9958379
C:\Users\Landon\Documents\audioWAV1\SopSax.nonvib.Bb4.L.wav,24,SOPSAX,24,SOPSAX,0.99996996
C:\Users\Landon\Documents\audioWAV1\Bass.arco.sulC.Db1.R.wav,3,BASS,3,BASS,0.9994771
C:\Users\Landon\Documents\audioWAV1\Oboe.Bb3.R.wav,22,OBOE,16,FLUTE,0.46748224
C:\Users\Landon\Documents\audioWAV1\Marimba.rubber.Gb5.L.wav,21,MARIMBA,21,MARIMBA,0.5168326
C:\Users\Landon\Documents\audioWAV1\Marimba.cord.D2.L.wav,21,MARIMBA,21,MARIMBA,0.5750272
C:\Users\Landon\Documents\audioWAV1\Cello.arco.sulD.Ab4.L.wav,10,CELLO,10,CELLO,1.0
C:\Users\Landon\Documents\audioWAV1\Trumpet.vib.F4.R.wav,27,TRUMPET,27,TRUMPET,0.99999523
C:\Users\Landon\Documents\audioWAV1\Marimba.yarn.C6.R.wav,21,MARIMBA,21,MARIMBA,0.6161955
C:\Users\Landon\Documents\audioWAV1\Cello.arco.sulA.Db4.R.wav,10,CELLO,10,CELLO,0.9999881
C:\Users\Landon\Documents\audioWAV1\Cello.arco.sulG.Eb3.L.wav,10,CELLO,10,CELLO,0.999997
C:\Users\Landon\Documents\audioWAV1\Flute.nonvib.Eb6.L.wav,16,FLUTE,16,FLUTE,0.99024314
C:\Users\Landon\Documents\audioWAV1\Bass.arco.sulD.Db3.L.wav,3,BASS,3,BASS,1.0
C:\Users\Landon\Documents\audioWAV1\TenorTrombone.E3.R.wav,25,TENORTROMBONE,25,TENORTROMBONE,0.9429252
C:\Users\Landon\Documents\audioWAV1\Tuba.Eb1.R.wav,28,TUBA,28,TUBA,0.630621
